#
# TABLE STRUCTURE FOR: communities
#

DROP TABLE IF EXISTS `communities`;

CREATE TABLE `communities` (
  `id` int(10) unsigned NOT NULL AUTO_INCREMENT COMMENT 'Идентификатор строки',
  `name` varchar(150) COLLATE utf8mb4_unicode_ci NOT NULL COMMENT 'Название группы',
  `created_at` datetime DEFAULT current_timestamp() COMMENT 'Время создания строки',
  `updated_at` datetime DEFAULT current_timestamp() ON UPDATE current_timestamp() COMMENT 'Время обновления строки',
  PRIMARY KEY (`id`),
  UNIQUE KEY `name` (`name`)
) ENGINE=InnoDB AUTO_INCREMENT=51 DEFAULT CHARSET=utf8mb4 COLLATE=utf8mb4_unicode_ci COMMENT='Группы';

INSERT INTO `communities` (`id`, `name`, `created_at`, `updated_at`) VALUES (1, 'commodi', '2013-11-03 09:14:57', '2012-10-17 12:08:36');
INSERT INTO `communities` (`id`, `name`, `created_at`, `updated_at`) VALUES (2, 'natus', '2019-07-20 16:18:47', '2018-08-04 06:55:45');
INSERT INTO `communities` (`id`, `name`, `created_at`, `updated_at`) VALUES (3, 'sunt', '2017-03-14 10:52:21', '2021-04-28 09:55:31');
INSERT INTO `communities` (`id`, `name`, `created_at`, `updated_at`) VALUES (4, 'aperiam', '2020-01-15 20:52:11', '2012-10-28 12:37:24');
INSERT INTO `communities` (`id`, `name`, `created_at`, `updated_at`) VALUES (5, 'temporibus', '2015-02-01 13:03:47', '2012-10-09 18:42:08');
INSERT INTO `communities` (`id`, `name`, `created_at`, `updated_at`) VALUES (6, 'a', '2018-12-31 09:40:04', '2012-06-19 10:53:06');
INSERT INTO `communities` (`id`, `name`, `created_at`, `updated_at`) VALUES (7, 'et', '2017-12-03 00:05:14', '2017-12-15 19:35:22');
INSERT INTO `communities` (`id`, `name`, `created_at`, `updated_at`) VALUES (8, 'velit', '2012-02-04 13:37:55', '2015-10-31 02:00:37');
INSERT INTO `communities` (`id`, `name`, `created_at`, `updated_at`) VALUES (9, 'harum', '2017-05-11 05:38:38', '2013-06-03 01:16:45');
INSERT INTO `communities` (`id`, `name`, `created_at`, `updated_at`) VALUES (10, 'sint', '2017-10-25 03:39:50', '2016-03-18 12:45:38');
INSERT INTO `communities` (`id`, `name`, `created_at`, `updated_at`) VALUES (11, 'deleniti', '2013-07-08 17:14:00', '2016-06-29 12:21:30');
INSERT INTO `communities` (`id`, `name`, `created_at`, `updated_at`) VALUES (12, 'tempora', '2015-07-16 02:45:09', '2020-11-01 23:49:20');
INSERT INTO `communities` (`id`, `name`, `created_at`, `updated_at`) VALUES (13, 'recusandae', '2020-01-02 05:27:31', '2011-08-10 21:30:17');
INSERT INTO `communities` (`id`, `name`, `created_at`, `updated_at`) VALUES (14, 'amet', '2015-07-31 14:52:58', '2018-03-05 14:52:53');
INSERT INTO `communities` (`id`, `name`, `created_at`, `updated_at`) VALUES (15, 'quaerat', '2014-06-18 05:46:05', '2016-02-12 13:06:48');
INSERT INTO `communities` (`id`, `name`, `created_at`, `updated_at`) VALUES (16, 'earum', '2015-08-06 20:17:29', '2011-12-03 10:30:01');
INSERT INTO `communities` (`id`, `name`, `created_at`, `updated_at`) VALUES (17, 'voluptatibus', '2016-05-02 14:44:28', '2014-09-03 16:46:06');
INSERT INTO `communities` (`id`, `name`, `created_at`, `updated_at`) VALUES (18, 'nihil', '2018-01-24 18:39:59', '2018-12-11 15:38:55');
INSERT INTO `communities` (`id`, `name`, `created_at`, `updated_at`) VALUES (19, 'mollitia', '2018-09-18 07:09:05', '2014-10-07 17:55:25');
INSERT INTO `communities` (`id`, `name`, `created_at`, `updated_at`) VALUES (20, 'ut', '2015-03-01 17:28:05', '2011-06-25 15:30:00');
INSERT INTO `communities` (`id`, `name`, `created_at`, `updated_at`) VALUES (21, 'sapiente', '2013-03-19 15:41:39', '2013-02-05 13:07:13');
INSERT INTO `communities` (`id`, `name`, `created_at`, `updated_at`) VALUES (22, 'quam', '2019-11-06 15:52:20', '2019-11-26 13:40:34');
INSERT INTO `communities` (`id`, `name`, `created_at`, `updated_at`) VALUES (23, 'nam', '2017-01-24 03:13:18', '2015-02-04 01:40:25');
INSERT INTO `communities` (`id`, `name`, `created_at`, `updated_at`) VALUES (24, 'porro', '2014-01-23 11:09:20', '2020-03-06 17:23:22');
INSERT INTO `communities` (`id`, `name`, `created_at`, `updated_at`) VALUES (25, 'aspernatur', '2020-09-06 15:52:58', '2015-05-29 10:54:57');
INSERT INTO `communities` (`id`, `name`, `created_at`, `updated_at`) VALUES (26, 'quia', '2012-09-02 09:56:10', '2012-12-08 22:52:15');
INSERT INTO `communities` (`id`, `name`, `created_at`, `updated_at`) VALUES (27, 'maxime', '2019-02-18 11:17:38', '2012-09-20 05:42:46');
INSERT INTO `communities` (`id`, `name`, `created_at`, `updated_at`) VALUES (28, 'enim', '2015-04-06 17:41:26', '2020-10-02 21:37:06');
INSERT INTO `communities` (`id`, `name`, `created_at`, `updated_at`) VALUES (29, 'tenetur', '2020-11-14 07:12:02', '2016-01-18 01:51:29');
INSERT INTO `communities` (`id`, `name`, `created_at`, `updated_at`) VALUES (30, 'rerum', '2021-02-02 17:13:46', '2019-09-27 15:14:46');
INSERT INTO `communities` (`id`, `name`, `created_at`, `updated_at`) VALUES (31, 'eos', '2017-07-30 08:17:29', '2019-03-06 18:28:05');
INSERT INTO `communities` (`id`, `name`, `created_at`, `updated_at`) VALUES (32, 'excepturi', '2013-03-13 10:24:25', '2017-11-13 21:11:07');
INSERT INTO `communities` (`id`, `name`, `created_at`, `updated_at`) VALUES (33, 'nobis', '2020-10-25 21:14:35', '2015-10-09 09:13:58');
INSERT INTO `communities` (`id`, `name`, `created_at`, `updated_at`) VALUES (34, 'corporis', '2013-06-01 10:43:53', '2018-08-02 04:27:43');
INSERT INTO `communities` (`id`, `name`, `created_at`, `updated_at`) VALUES (35, 'ab', '2012-02-22 23:00:21', '2018-01-12 16:38:29');
INSERT INTO `communities` (`id`, `name`, `created_at`, `updated_at`) VALUES (36, 'inventore', '2021-04-22 11:53:22', '2019-10-20 23:14:18');
INSERT INTO `communities` (`id`, `name`, `created_at`, `updated_at`) VALUES (37, 'aut', '2014-12-17 16:51:08', '2017-10-19 21:38:50');
INSERT INTO `communities` (`id`, `name`, `created_at`, `updated_at`) VALUES (38, 'ipsam', '2020-11-01 02:12:03', '2013-06-12 12:25:34');
INSERT INTO `communities` (`id`, `name`, `created_at`, `updated_at`) VALUES (39, 'omnis', '2012-07-03 11:08:43', '2016-08-14 22:25:57');
INSERT INTO `communities` (`id`, `name`, `created_at`, `updated_at`) VALUES (40, 'molestias', '2011-06-17 11:13:53', '2011-10-05 01:54:39');
INSERT INTO `communities` (`id`, `name`, `created_at`, `updated_at`) VALUES (41, 'expedita', '2017-06-09 08:52:33', '2016-04-10 06:11:04');
INSERT INTO `communities` (`id`, `name`, `created_at`, `updated_at`) VALUES (42, 'dolorem', '2014-07-08 02:05:04', '2016-06-05 01:18:55');
INSERT INTO `communities` (`id`, `name`, `created_at`, `updated_at`) VALUES (43, 'iste', '2012-07-20 07:48:53', '2015-09-13 15:26:28');
INSERT INTO `communities` (`id`, `name`, `created_at`, `updated_at`) VALUES (44, 'tempore', '2013-04-07 20:47:47', '2016-11-04 09:02:33');
INSERT INTO `communities` (`id`, `name`, `created_at`, `updated_at`) VALUES (45, 'nostrum', '2012-11-05 09:17:49', '2019-05-16 08:14:38');
INSERT INTO `communities` (`id`, `name`, `created_at`, `updated_at`) VALUES (46, 'perferendis', '2018-08-01 08:32:24', '2020-09-28 15:29:36');
INSERT INTO `communities` (`id`, `name`, `created_at`, `updated_at`) VALUES (47, 'totam', '2015-03-26 00:49:37', '2013-12-04 17:12:47');
INSERT INTO `communities` (`id`, `name`, `created_at`, `updated_at`) VALUES (48, 'vel', '2018-03-30 00:25:36', '2016-04-21 15:57:47');
INSERT INTO `communities` (`id`, `name`, `created_at`, `updated_at`) VALUES (49, 'beatae', '2018-12-09 01:18:06', '2015-11-05 12:56:37');
INSERT INTO `communities` (`id`, `name`, `created_at`, `updated_at`) VALUES (50, 'pariatur', '2019-05-11 16:54:43', '2016-03-10 09:09:08');


#
# TABLE STRUCTURE FOR: communities_users
#

DROP TABLE IF EXISTS `communities_users`;

CREATE TABLE `communities_users` (
  `community_id` int(10) unsigned NOT NULL COMMENT 'Ссылка на группу',
  `user_id` int(10) unsigned NOT NULL COMMENT 'Ссылка на пользователя',
  `created_at` datetime DEFAULT current_timestamp() COMMENT 'Время создания строки',
  PRIMARY KEY (`community_id`,`user_id`) COMMENT 'Составной первичный ключ'
) ENGINE=InnoDB DEFAULT CHARSET=utf8mb4 COLLATE=utf8mb4_unicode_ci COMMENT='Участники групп, связь между пользователями и группами';

INSERT INTO `communities_users` (`community_id`, `user_id`, `created_at`) VALUES (1, 1, '2018-04-16 06:20:10');
INSERT INTO `communities_users` (`community_id`, `user_id`, `created_at`) VALUES (2, 2, '2013-05-28 02:07:00');
INSERT INTO `communities_users` (`community_id`, `user_id`, `created_at`) VALUES (3, 3, '2015-06-04 03:26:36');
INSERT INTO `communities_users` (`community_id`, `user_id`, `created_at`) VALUES (4, 4, '2013-04-14 17:13:35');
INSERT INTO `communities_users` (`community_id`, `user_id`, `created_at`) VALUES (5, 5, '2020-05-22 06:09:03');
INSERT INTO `communities_users` (`community_id`, `user_id`, `created_at`) VALUES (6, 6, '2020-06-20 05:19:11');
INSERT INTO `communities_users` (`community_id`, `user_id`, `created_at`) VALUES (7, 7, '2019-01-24 08:47:47');
INSERT INTO `communities_users` (`community_id`, `user_id`, `created_at`) VALUES (8, 8, '2019-07-31 21:26:59');
INSERT INTO `communities_users` (`community_id`, `user_id`, `created_at`) VALUES (9, 9, '2020-09-12 05:30:43');
INSERT INTO `communities_users` (`community_id`, `user_id`, `created_at`) VALUES (10, 10, '2016-07-26 18:10:24');
INSERT INTO `communities_users` (`community_id`, `user_id`, `created_at`) VALUES (11, 11, '2012-06-07 16:31:36');
INSERT INTO `communities_users` (`community_id`, `user_id`, `created_at`) VALUES (12, 12, '2018-04-22 17:45:35');
INSERT INTO `communities_users` (`community_id`, `user_id`, `created_at`) VALUES (13, 13, '2017-04-06 18:19:54');
INSERT INTO `communities_users` (`community_id`, `user_id`, `created_at`) VALUES (14, 14, '2015-04-07 02:29:36');
INSERT INTO `communities_users` (`community_id`, `user_id`, `created_at`) VALUES (15, 15, '2018-09-22 10:16:36');
INSERT INTO `communities_users` (`community_id`, `user_id`, `created_at`) VALUES (16, 16, '2017-05-09 19:21:02');
INSERT INTO `communities_users` (`community_id`, `user_id`, `created_at`) VALUES (17, 17, '2016-09-23 16:24:59');
INSERT INTO `communities_users` (`community_id`, `user_id`, `created_at`) VALUES (18, 18, '2015-10-05 19:47:31');
INSERT INTO `communities_users` (`community_id`, `user_id`, `created_at`) VALUES (19, 19, '2019-07-23 21:04:03');
INSERT INTO `communities_users` (`community_id`, `user_id`, `created_at`) VALUES (20, 20, '2014-08-03 08:10:56');
INSERT INTO `communities_users` (`community_id`, `user_id`, `created_at`) VALUES (21, 21, '2014-07-20 06:56:55');
INSERT INTO `communities_users` (`community_id`, `user_id`, `created_at`) VALUES (22, 22, '2013-08-03 12:31:04');
INSERT INTO `communities_users` (`community_id`, `user_id`, `created_at`) VALUES (23, 23, '2017-07-15 19:42:00');
INSERT INTO `communities_users` (`community_id`, `user_id`, `created_at`) VALUES (24, 24, '2019-07-31 21:21:18');
INSERT INTO `communities_users` (`community_id`, `user_id`, `created_at`) VALUES (25, 25, '2014-12-18 17:29:38');
INSERT INTO `communities_users` (`community_id`, `user_id`, `created_at`) VALUES (26, 26, '2019-08-06 12:17:13');
INSERT INTO `communities_users` (`community_id`, `user_id`, `created_at`) VALUES (27, 27, '2012-05-08 09:26:28');
INSERT INTO `communities_users` (`community_id`, `user_id`, `created_at`) VALUES (28, 28, '2013-06-19 14:08:22');
INSERT INTO `communities_users` (`community_id`, `user_id`, `created_at`) VALUES (29, 29, '2017-10-11 23:08:42');
INSERT INTO `communities_users` (`community_id`, `user_id`, `created_at`) VALUES (30, 30, '2013-12-03 08:31:06');
INSERT INTO `communities_users` (`community_id`, `user_id`, `created_at`) VALUES (31, 31, '2012-05-03 11:04:20');
INSERT INTO `communities_users` (`community_id`, `user_id`, `created_at`) VALUES (32, 32, '2012-08-28 22:26:52');
INSERT INTO `communities_users` (`community_id`, `user_id`, `created_at`) VALUES (33, 33, '2016-09-23 06:12:23');
INSERT INTO `communities_users` (`community_id`, `user_id`, `created_at`) VALUES (34, 34, '2015-06-21 09:12:57');
INSERT INTO `communities_users` (`community_id`, `user_id`, `created_at`) VALUES (35, 35, '2016-10-27 18:38:13');
INSERT INTO `communities_users` (`community_id`, `user_id`, `created_at`) VALUES (36, 36, '2015-10-23 22:12:39');
INSERT INTO `communities_users` (`community_id`, `user_id`, `created_at`) VALUES (37, 37, '2012-01-21 08:14:56');
INSERT INTO `communities_users` (`community_id`, `user_id`, `created_at`) VALUES (38, 38, '2017-01-23 01:10:38');
INSERT INTO `communities_users` (`community_id`, `user_id`, `created_at`) VALUES (39, 39, '2013-06-21 03:54:40');
INSERT INTO `communities_users` (`community_id`, `user_id`, `created_at`) VALUES (40, 40, '2012-07-08 09:00:32');
INSERT INTO `communities_users` (`community_id`, `user_id`, `created_at`) VALUES (41, 41, '2016-03-01 11:43:12');
INSERT INTO `communities_users` (`community_id`, `user_id`, `created_at`) VALUES (42, 42, '2019-08-14 02:59:13');
INSERT INTO `communities_users` (`community_id`, `user_id`, `created_at`) VALUES (43, 43, '2013-04-03 09:13:52');
INSERT INTO `communities_users` (`community_id`, `user_id`, `created_at`) VALUES (44, 44, '2014-02-18 12:51:29');
INSERT INTO `communities_users` (`community_id`, `user_id`, `created_at`) VALUES (45, 45, '2018-07-13 05:51:27');
INSERT INTO `communities_users` (`community_id`, `user_id`, `created_at`) VALUES (46, 46, '2015-07-11 20:24:58');
INSERT INTO `communities_users` (`community_id`, `user_id`, `created_at`) VALUES (47, 47, '2015-07-02 04:11:44');
INSERT INTO `communities_users` (`community_id`, `user_id`, `created_at`) VALUES (48, 48, '2015-02-13 00:42:02');
INSERT INTO `communities_users` (`community_id`, `user_id`, `created_at`) VALUES (49, 49, '2014-07-03 20:36:44');
INSERT INTO `communities_users` (`community_id`, `user_id`, `created_at`) VALUES (50, 50, '2013-08-21 01:07:36');


#
# TABLE STRUCTURE FOR: friendship
#

DROP TABLE IF EXISTS `friendship`;

CREATE TABLE `friendship` (
  `user_id` int(10) unsigned NOT NULL COMMENT 'Ссылка на инициатора дружеских отношений',
  `friend_id` int(10) unsigned NOT NULL COMMENT 'Ссылка на получателя приглашения дружить',
  `friendship_status_id` int(10) unsigned NOT NULL COMMENT 'Ссылка на статус (текущее состояние)',
  `confirmed_at` datetime DEFAULT NULL COMMENT 'Время подтверждения приглашения',
  `created_at` datetime DEFAULT current_timestamp() COMMENT 'Время создания строки',
  `updated_at` datetime DEFAULT current_timestamp() ON UPDATE current_timestamp() COMMENT 'Время обновления строки',
  PRIMARY KEY (`user_id`,`friend_id`) COMMENT 'Составной первичный ключ'
) ENGINE=InnoDB DEFAULT CHARSET=utf8mb4 COLLATE=utf8mb4_unicode_ci COMMENT='Таблица дружбы';

INSERT INTO `friendship` (`user_id`, `friend_id`, `friendship_status_id`, `confirmed_at`, `created_at`, `updated_at`) VALUES (1, 1, 1, '2017-04-02 13:21:47', '2013-07-04 09:20:37', '2019-07-01 02:03:15');
INSERT INTO `friendship` (`user_id`, `friend_id`, `friendship_status_id`, `confirmed_at`, `created_at`, `updated_at`) VALUES (2, 2, 2, '2020-12-19 09:02:02', '2014-05-20 00:23:12', '2012-10-01 02:57:47');
INSERT INTO `friendship` (`user_id`, `friend_id`, `friendship_status_id`, `confirmed_at`, `created_at`, `updated_at`) VALUES (3, 3, 3, '2018-05-19 00:55:38', '2018-06-11 02:40:18', '2021-03-16 05:50:53');
INSERT INTO `friendship` (`user_id`, `friend_id`, `friendship_status_id`, `confirmed_at`, `created_at`, `updated_at`) VALUES (4, 4, 4, '2017-12-24 16:53:30', '2019-04-14 19:25:09', '2019-06-12 01:06:46');
INSERT INTO `friendship` (`user_id`, `friend_id`, `friendship_status_id`, `confirmed_at`, `created_at`, `updated_at`) VALUES (5, 5, 5, '2016-01-18 20:26:43', '2015-04-03 09:27:02', '2018-05-21 06:23:33');
INSERT INTO `friendship` (`user_id`, `friend_id`, `friendship_status_id`, `confirmed_at`, `created_at`, `updated_at`) VALUES (6, 6, 1, '2019-08-07 14:02:02', '2012-10-04 06:25:37', '2014-01-27 08:13:42');
INSERT INTO `friendship` (`user_id`, `friend_id`, `friendship_status_id`, `confirmed_at`, `created_at`, `updated_at`) VALUES (7, 7, 2, '2019-03-08 12:22:50', '2012-05-06 16:37:51', '2014-05-17 07:38:33');
INSERT INTO `friendship` (`user_id`, `friend_id`, `friendship_status_id`, `confirmed_at`, `created_at`, `updated_at`) VALUES (8, 8, 3, '2017-11-16 18:57:57', '2011-12-07 01:00:29', '2018-09-26 11:21:07');
INSERT INTO `friendship` (`user_id`, `friend_id`, `friendship_status_id`, `confirmed_at`, `created_at`, `updated_at`) VALUES (9, 9, 4, '2014-02-17 03:23:31', '2018-05-18 09:04:24', '2017-05-11 07:54:37');
INSERT INTO `friendship` (`user_id`, `friend_id`, `friendship_status_id`, `confirmed_at`, `created_at`, `updated_at`) VALUES (10, 10, 5, '2014-09-29 12:21:12', '2018-08-11 14:48:13', '2019-11-25 09:13:25');
INSERT INTO `friendship` (`user_id`, `friend_id`, `friendship_status_id`, `confirmed_at`, `created_at`, `updated_at`) VALUES (11, 11, 1, '2012-10-25 04:18:32', '2018-02-14 22:22:13', '2015-02-05 09:14:01');
INSERT INTO `friendship` (`user_id`, `friend_id`, `friendship_status_id`, `confirmed_at`, `created_at`, `updated_at`) VALUES (12, 12, 2, '2012-11-19 00:25:18', '2011-09-16 18:24:11', '2018-08-06 22:33:29');
INSERT INTO `friendship` (`user_id`, `friend_id`, `friendship_status_id`, `confirmed_at`, `created_at`, `updated_at`) VALUES (13, 13, 3, '2018-01-08 16:57:18', '2017-06-04 05:08:47', '2014-02-28 06:33:59');
INSERT INTO `friendship` (`user_id`, `friend_id`, `friendship_status_id`, `confirmed_at`, `created_at`, `updated_at`) VALUES (14, 14, 4, '2019-03-14 22:10:40', '2017-08-06 09:11:11', '2015-03-11 15:51:40');
INSERT INTO `friendship` (`user_id`, `friend_id`, `friendship_status_id`, `confirmed_at`, `created_at`, `updated_at`) VALUES (15, 15, 5, '2012-12-01 11:33:33', '2019-09-02 23:40:58', '2012-11-11 03:50:59');
INSERT INTO `friendship` (`user_id`, `friend_id`, `friendship_status_id`, `confirmed_at`, `created_at`, `updated_at`) VALUES (16, 16, 1, '2013-02-05 20:53:40', '2018-09-18 02:44:14', '2020-09-28 18:57:06');
INSERT INTO `friendship` (`user_id`, `friend_id`, `friendship_status_id`, `confirmed_at`, `created_at`, `updated_at`) VALUES (17, 17, 2, '2011-06-07 13:58:09', '2017-02-06 16:11:44', '2013-09-01 06:39:43');
INSERT INTO `friendship` (`user_id`, `friend_id`, `friendship_status_id`, `confirmed_at`, `created_at`, `updated_at`) VALUES (18, 18, 3, '2020-02-06 14:33:56', '2018-03-04 11:46:17', '2011-06-19 10:50:08');
INSERT INTO `friendship` (`user_id`, `friend_id`, `friendship_status_id`, `confirmed_at`, `created_at`, `updated_at`) VALUES (19, 19, 4, '2014-02-13 06:04:01', '2013-01-13 14:20:11', '2012-02-26 09:09:14');
INSERT INTO `friendship` (`user_id`, `friend_id`, `friendship_status_id`, `confirmed_at`, `created_at`, `updated_at`) VALUES (20, 20, 5, '2013-10-03 00:35:16', '2013-12-29 16:01:26', '2018-02-03 07:49:36');
INSERT INTO `friendship` (`user_id`, `friend_id`, `friendship_status_id`, `confirmed_at`, `created_at`, `updated_at`) VALUES (21, 21, 1, '2019-07-20 04:41:19', '2014-08-24 14:13:05', '2021-01-05 06:30:10');
INSERT INTO `friendship` (`user_id`, `friend_id`, `friendship_status_id`, `confirmed_at`, `created_at`, `updated_at`) VALUES (22, 22, 2, '2015-11-24 19:14:01', '2014-01-06 05:00:39', '2020-01-31 13:39:06');
INSERT INTO `friendship` (`user_id`, `friend_id`, `friendship_status_id`, `confirmed_at`, `created_at`, `updated_at`) VALUES (23, 23, 3, '2016-08-15 07:24:43', '2015-01-10 21:54:59', '2017-10-07 14:38:21');
INSERT INTO `friendship` (`user_id`, `friend_id`, `friendship_status_id`, `confirmed_at`, `created_at`, `updated_at`) VALUES (24, 24, 4, '2019-04-27 23:35:51', '2020-01-22 08:35:40', '2012-01-17 17:38:17');
INSERT INTO `friendship` (`user_id`, `friend_id`, `friendship_status_id`, `confirmed_at`, `created_at`, `updated_at`) VALUES (25, 25, 5, '2012-01-13 16:07:37', '2013-11-15 21:02:44', '2015-08-12 15:30:24');
INSERT INTO `friendship` (`user_id`, `friend_id`, `friendship_status_id`, `confirmed_at`, `created_at`, `updated_at`) VALUES (26, 26, 1, '2012-06-12 08:14:06', '2014-03-26 11:44:13', '2015-11-16 17:11:36');
INSERT INTO `friendship` (`user_id`, `friend_id`, `friendship_status_id`, `confirmed_at`, `created_at`, `updated_at`) VALUES (27, 27, 2, '2015-06-23 10:08:46', '2017-08-18 00:35:01', '2019-08-31 15:18:04');
INSERT INTO `friendship` (`user_id`, `friend_id`, `friendship_status_id`, `confirmed_at`, `created_at`, `updated_at`) VALUES (28, 28, 3, '2014-06-24 07:11:51', '2015-09-11 00:52:26', '2014-07-12 14:35:48');
INSERT INTO `friendship` (`user_id`, `friend_id`, `friendship_status_id`, `confirmed_at`, `created_at`, `updated_at`) VALUES (29, 29, 4, '2016-05-10 23:35:32', '2013-10-12 19:59:14', '2020-03-10 06:53:28');
INSERT INTO `friendship` (`user_id`, `friend_id`, `friendship_status_id`, `confirmed_at`, `created_at`, `updated_at`) VALUES (30, 30, 5, '2017-08-07 03:32:36', '2013-03-09 12:40:20', '2017-04-04 06:18:24');
INSERT INTO `friendship` (`user_id`, `friend_id`, `friendship_status_id`, `confirmed_at`, `created_at`, `updated_at`) VALUES (31, 31, 1, '2021-04-13 16:09:26', '2015-07-26 23:16:26', '2013-06-22 02:52:41');
INSERT INTO `friendship` (`user_id`, `friend_id`, `friendship_status_id`, `confirmed_at`, `created_at`, `updated_at`) VALUES (32, 32, 2, '2014-11-14 23:10:04', '2015-02-09 02:24:48', '2020-09-09 21:50:47');
INSERT INTO `friendship` (`user_id`, `friend_id`, `friendship_status_id`, `confirmed_at`, `created_at`, `updated_at`) VALUES (33, 33, 3, '2019-11-22 17:38:37', '2014-09-12 12:00:39', '2017-11-10 19:00:49');
INSERT INTO `friendship` (`user_id`, `friend_id`, `friendship_status_id`, `confirmed_at`, `created_at`, `updated_at`) VALUES (34, 34, 4, '2019-03-06 05:51:10', '2020-05-10 09:57:32', '2011-07-10 17:10:09');
INSERT INTO `friendship` (`user_id`, `friend_id`, `friendship_status_id`, `confirmed_at`, `created_at`, `updated_at`) VALUES (35, 35, 5, '2013-03-04 17:08:55', '2016-11-27 23:07:12', '2015-05-09 12:13:44');
INSERT INTO `friendship` (`user_id`, `friend_id`, `friendship_status_id`, `confirmed_at`, `created_at`, `updated_at`) VALUES (36, 36, 1, '2014-02-27 23:21:52', '2017-03-15 10:46:37', '2016-05-26 18:50:36');
INSERT INTO `friendship` (`user_id`, `friend_id`, `friendship_status_id`, `confirmed_at`, `created_at`, `updated_at`) VALUES (37, 37, 2, '2013-03-24 17:17:17', '2020-02-02 01:38:35', '2018-09-02 04:28:27');
INSERT INTO `friendship` (`user_id`, `friend_id`, `friendship_status_id`, `confirmed_at`, `created_at`, `updated_at`) VALUES (38, 38, 3, '2018-11-16 11:57:47', '2011-11-04 16:33:10', '2012-01-04 11:59:30');
INSERT INTO `friendship` (`user_id`, `friend_id`, `friendship_status_id`, `confirmed_at`, `created_at`, `updated_at`) VALUES (39, 39, 4, '2016-08-20 04:24:18', '2016-02-25 04:06:17', '2017-06-21 06:16:34');
INSERT INTO `friendship` (`user_id`, `friend_id`, `friendship_status_id`, `confirmed_at`, `created_at`, `updated_at`) VALUES (40, 40, 5, '2013-11-19 23:58:05', '2016-12-17 09:33:05', '2012-07-01 06:52:56');
INSERT INTO `friendship` (`user_id`, `friend_id`, `friendship_status_id`, `confirmed_at`, `created_at`, `updated_at`) VALUES (41, 41, 1, '2015-09-26 20:04:42', '2015-09-07 07:44:20', '2013-04-16 02:31:39');
INSERT INTO `friendship` (`user_id`, `friend_id`, `friendship_status_id`, `confirmed_at`, `created_at`, `updated_at`) VALUES (42, 42, 2, '2011-07-16 00:10:52', '2011-07-10 14:09:37', '2018-05-30 17:38:19');
INSERT INTO `friendship` (`user_id`, `friend_id`, `friendship_status_id`, `confirmed_at`, `created_at`, `updated_at`) VALUES (43, 43, 3, '2019-02-25 15:39:51', '2013-07-23 13:33:15', '2012-01-24 08:27:27');
INSERT INTO `friendship` (`user_id`, `friend_id`, `friendship_status_id`, `confirmed_at`, `created_at`, `updated_at`) VALUES (44, 44, 4, '2014-05-30 11:04:03', '2016-08-18 17:37:15', '2019-04-10 09:16:18');
INSERT INTO `friendship` (`user_id`, `friend_id`, `friendship_status_id`, `confirmed_at`, `created_at`, `updated_at`) VALUES (45, 45, 5, '2020-07-11 01:27:28', '2020-06-03 00:01:55', '2013-12-03 23:04:17');
INSERT INTO `friendship` (`user_id`, `friend_id`, `friendship_status_id`, `confirmed_at`, `created_at`, `updated_at`) VALUES (46, 46, 1, '2012-08-16 11:12:55', '2016-02-06 05:49:08', '2019-02-13 13:21:13');
INSERT INTO `friendship` (`user_id`, `friend_id`, `friendship_status_id`, `confirmed_at`, `created_at`, `updated_at`) VALUES (47, 47, 2, '2019-02-03 21:33:57', '2019-08-16 11:59:29', '2013-08-12 20:27:00');
INSERT INTO `friendship` (`user_id`, `friend_id`, `friendship_status_id`, `confirmed_at`, `created_at`, `updated_at`) VALUES (48, 48, 3, '2019-06-10 16:23:18', '2015-02-24 02:20:58', '2016-04-05 19:41:40');
INSERT INTO `friendship` (`user_id`, `friend_id`, `friendship_status_id`, `confirmed_at`, `created_at`, `updated_at`) VALUES (49, 49, 4, '2015-08-03 13:16:04', '2015-05-27 08:30:40', '2018-09-06 14:25:04');
INSERT INTO `friendship` (`user_id`, `friend_id`, `friendship_status_id`, `confirmed_at`, `created_at`, `updated_at`) VALUES (50, 50, 5, '2013-08-09 02:10:32', '2015-04-13 18:19:30', '2019-10-25 14:29:50');
INSERT INTO `friendship` (`user_id`, `friend_id`, `friendship_status_id`, `confirmed_at`, `created_at`, `updated_at`) VALUES (51, 51, 1, '2013-11-22 23:31:59', '2019-07-06 01:53:02', '2015-07-21 06:37:30');
INSERT INTO `friendship` (`user_id`, `friend_id`, `friendship_status_id`, `confirmed_at`, `created_at`, `updated_at`) VALUES (52, 52, 2, '2017-12-13 10:17:34', '2017-04-19 10:57:23', '2014-03-19 22:48:25');
INSERT INTO `friendship` (`user_id`, `friend_id`, `friendship_status_id`, `confirmed_at`, `created_at`, `updated_at`) VALUES (53, 53, 3, '2015-01-26 17:47:22', '2017-04-02 14:48:18', '2012-12-29 19:13:05');
INSERT INTO `friendship` (`user_id`, `friend_id`, `friendship_status_id`, `confirmed_at`, `created_at`, `updated_at`) VALUES (54, 54, 4, '2017-06-14 10:59:42', '2012-12-01 10:53:29', '2013-03-23 12:07:52');
INSERT INTO `friendship` (`user_id`, `friend_id`, `friendship_status_id`, `confirmed_at`, `created_at`, `updated_at`) VALUES (55, 55, 5, '2019-07-02 09:10:57', '2014-06-20 08:26:14', '2014-08-26 00:35:10');
INSERT INTO `friendship` (`user_id`, `friend_id`, `friendship_status_id`, `confirmed_at`, `created_at`, `updated_at`) VALUES (56, 56, 1, '2016-01-10 00:53:12', '2015-09-16 11:03:16', '2012-03-09 19:54:13');
INSERT INTO `friendship` (`user_id`, `friend_id`, `friendship_status_id`, `confirmed_at`, `created_at`, `updated_at`) VALUES (57, 57, 2, '2016-04-19 16:06:02', '2017-05-16 01:35:38', '2020-08-29 22:09:43');
INSERT INTO `friendship` (`user_id`, `friend_id`, `friendship_status_id`, `confirmed_at`, `created_at`, `updated_at`) VALUES (58, 58, 3, '2016-06-05 01:31:05', '2016-08-19 07:45:43', '2013-09-07 04:26:55');
INSERT INTO `friendship` (`user_id`, `friend_id`, `friendship_status_id`, `confirmed_at`, `created_at`, `updated_at`) VALUES (59, 59, 4, '2015-11-12 18:03:58', '2019-09-05 22:50:37', '2017-11-19 02:29:59');
INSERT INTO `friendship` (`user_id`, `friend_id`, `friendship_status_id`, `confirmed_at`, `created_at`, `updated_at`) VALUES (60, 60, 5, '2021-02-15 06:12:59', '2018-11-13 02:13:15', '2013-06-24 10:18:12');
INSERT INTO `friendship` (`user_id`, `friend_id`, `friendship_status_id`, `confirmed_at`, `created_at`, `updated_at`) VALUES (61, 61, 1, '2020-03-06 17:12:53', '2013-06-19 04:38:19', '2014-11-07 23:41:22');
INSERT INTO `friendship` (`user_id`, `friend_id`, `friendship_status_id`, `confirmed_at`, `created_at`, `updated_at`) VALUES (62, 62, 2, '2016-04-01 23:52:26', '2012-05-20 01:33:45', '2013-01-31 05:59:04');
INSERT INTO `friendship` (`user_id`, `friend_id`, `friendship_status_id`, `confirmed_at`, `created_at`, `updated_at`) VALUES (63, 63, 3, '2020-11-28 17:21:46', '2016-11-15 13:23:09', '2016-03-17 14:33:50');
INSERT INTO `friendship` (`user_id`, `friend_id`, `friendship_status_id`, `confirmed_at`, `created_at`, `updated_at`) VALUES (64, 64, 4, '2020-09-18 08:37:13', '2012-10-25 03:47:58', '2020-11-13 05:17:48');
INSERT INTO `friendship` (`user_id`, `friend_id`, `friendship_status_id`, `confirmed_at`, `created_at`, `updated_at`) VALUES (65, 65, 5, '2018-11-08 12:20:44', '2016-12-17 14:49:16', '2020-02-12 10:14:29');
INSERT INTO `friendship` (`user_id`, `friend_id`, `friendship_status_id`, `confirmed_at`, `created_at`, `updated_at`) VALUES (66, 66, 1, '2020-10-15 21:12:08', '2015-03-21 01:10:07', '2020-01-11 22:17:49');
INSERT INTO `friendship` (`user_id`, `friend_id`, `friendship_status_id`, `confirmed_at`, `created_at`, `updated_at`) VALUES (67, 67, 2, '2013-03-30 14:32:05', '2014-01-12 23:54:48', '2017-08-05 22:35:18');
INSERT INTO `friendship` (`user_id`, `friend_id`, `friendship_status_id`, `confirmed_at`, `created_at`, `updated_at`) VALUES (68, 68, 3, '2019-08-10 02:24:48', '2016-08-05 06:02:42', '2016-01-12 12:48:51');
INSERT INTO `friendship` (`user_id`, `friend_id`, `friendship_status_id`, `confirmed_at`, `created_at`, `updated_at`) VALUES (69, 69, 4, '2011-08-14 11:12:59', '2018-10-04 07:31:51', '2011-09-24 13:00:17');
INSERT INTO `friendship` (`user_id`, `friend_id`, `friendship_status_id`, `confirmed_at`, `created_at`, `updated_at`) VALUES (70, 70, 5, '2011-09-18 08:39:38', '2014-09-20 08:24:11', '2017-05-19 10:03:06');
INSERT INTO `friendship` (`user_id`, `friend_id`, `friendship_status_id`, `confirmed_at`, `created_at`, `updated_at`) VALUES (71, 71, 1, '2017-05-10 17:33:32', '2013-07-08 03:50:04', '2012-10-15 02:54:40');
INSERT INTO `friendship` (`user_id`, `friend_id`, `friendship_status_id`, `confirmed_at`, `created_at`, `updated_at`) VALUES (72, 72, 2, '2020-02-06 14:47:41', '2020-09-17 02:54:21', '2016-01-27 03:50:43');
INSERT INTO `friendship` (`user_id`, `friend_id`, `friendship_status_id`, `confirmed_at`, `created_at`, `updated_at`) VALUES (73, 73, 3, '2021-04-25 23:50:27', '2016-09-20 16:11:43', '2020-08-10 11:10:33');
INSERT INTO `friendship` (`user_id`, `friend_id`, `friendship_status_id`, `confirmed_at`, `created_at`, `updated_at`) VALUES (74, 74, 4, '2019-06-09 18:48:50', '2019-12-19 19:05:03', '2018-10-29 23:13:34');
INSERT INTO `friendship` (`user_id`, `friend_id`, `friendship_status_id`, `confirmed_at`, `created_at`, `updated_at`) VALUES (75, 75, 5, '2021-01-16 02:30:15', '2011-11-27 06:49:03', '2016-03-14 13:42:38');
INSERT INTO `friendship` (`user_id`, `friend_id`, `friendship_status_id`, `confirmed_at`, `created_at`, `updated_at`) VALUES (76, 76, 1, '2014-07-17 23:18:12', '2016-07-02 23:43:44', '2015-11-24 16:36:37');
INSERT INTO `friendship` (`user_id`, `friend_id`, `friendship_status_id`, `confirmed_at`, `created_at`, `updated_at`) VALUES (77, 77, 2, '2013-08-21 00:44:59', '2014-06-19 01:47:23', '2019-04-30 10:18:50');
INSERT INTO `friendship` (`user_id`, `friend_id`, `friendship_status_id`, `confirmed_at`, `created_at`, `updated_at`) VALUES (78, 78, 3, '2013-07-04 04:07:09', '2012-11-06 03:39:35', '2020-01-17 05:47:02');
INSERT INTO `friendship` (`user_id`, `friend_id`, `friendship_status_id`, `confirmed_at`, `created_at`, `updated_at`) VALUES (79, 79, 4, '2018-10-13 22:23:48', '2016-10-14 16:31:22', '2016-11-16 02:23:46');
INSERT INTO `friendship` (`user_id`, `friend_id`, `friendship_status_id`, `confirmed_at`, `created_at`, `updated_at`) VALUES (80, 80, 5, '2018-07-27 11:30:55', '2016-07-04 14:33:07', '2013-08-18 23:32:51');
INSERT INTO `friendship` (`user_id`, `friend_id`, `friendship_status_id`, `confirmed_at`, `created_at`, `updated_at`) VALUES (81, 81, 1, '2013-10-02 11:40:37', '2018-08-31 03:21:49', '2015-08-19 04:19:37');
INSERT INTO `friendship` (`user_id`, `friend_id`, `friendship_status_id`, `confirmed_at`, `created_at`, `updated_at`) VALUES (82, 82, 2, '2020-08-28 00:51:13', '2020-05-17 14:35:08', '2012-08-31 17:34:47');
INSERT INTO `friendship` (`user_id`, `friend_id`, `friendship_status_id`, `confirmed_at`, `created_at`, `updated_at`) VALUES (83, 83, 3, '2017-01-25 16:40:46', '2018-09-11 13:01:51', '2012-10-09 13:37:03');
INSERT INTO `friendship` (`user_id`, `friend_id`, `friendship_status_id`, `confirmed_at`, `created_at`, `updated_at`) VALUES (84, 84, 4, '2015-05-01 23:51:52', '2015-05-20 09:39:43', '2014-10-11 05:18:09');
INSERT INTO `friendship` (`user_id`, `friend_id`, `friendship_status_id`, `confirmed_at`, `created_at`, `updated_at`) VALUES (85, 85, 5, '2019-09-17 16:11:50', '2015-01-11 22:40:36', '2015-07-30 04:47:57');
INSERT INTO `friendship` (`user_id`, `friend_id`, `friendship_status_id`, `confirmed_at`, `created_at`, `updated_at`) VALUES (86, 86, 1, '2020-05-22 22:38:49', '2014-12-19 12:41:54', '2012-10-08 12:26:53');
INSERT INTO `friendship` (`user_id`, `friend_id`, `friendship_status_id`, `confirmed_at`, `created_at`, `updated_at`) VALUES (87, 87, 2, '2012-05-07 21:31:06', '2021-04-23 13:18:10', '2014-08-02 15:32:40');
INSERT INTO `friendship` (`user_id`, `friend_id`, `friendship_status_id`, `confirmed_at`, `created_at`, `updated_at`) VALUES (88, 88, 3, '2019-03-09 06:05:31', '2019-01-12 09:00:09', '2014-04-01 09:29:00');
INSERT INTO `friendship` (`user_id`, `friend_id`, `friendship_status_id`, `confirmed_at`, `created_at`, `updated_at`) VALUES (89, 89, 4, '2020-07-08 15:28:46', '2018-06-23 05:29:30', '2015-02-21 00:27:21');
INSERT INTO `friendship` (`user_id`, `friend_id`, `friendship_status_id`, `confirmed_at`, `created_at`, `updated_at`) VALUES (90, 90, 5, '2016-07-31 01:38:30', '2011-05-14 02:29:40', '2017-04-12 09:11:12');
INSERT INTO `friendship` (`user_id`, `friend_id`, `friendship_status_id`, `confirmed_at`, `created_at`, `updated_at`) VALUES (91, 91, 1, '2020-09-28 20:34:54', '2017-08-03 19:59:36', '2012-11-05 01:51:56');
INSERT INTO `friendship` (`user_id`, `friend_id`, `friendship_status_id`, `confirmed_at`, `created_at`, `updated_at`) VALUES (92, 92, 2, '2012-02-29 13:48:09', '2013-08-01 17:49:00', '2018-12-01 00:18:14');
INSERT INTO `friendship` (`user_id`, `friend_id`, `friendship_status_id`, `confirmed_at`, `created_at`, `updated_at`) VALUES (93, 93, 3, '2015-06-05 03:50:22', '2017-09-13 11:29:00', '2017-08-09 01:41:50');
INSERT INTO `friendship` (`user_id`, `friend_id`, `friendship_status_id`, `confirmed_at`, `created_at`, `updated_at`) VALUES (94, 94, 4, '2015-12-22 10:30:43', '2018-12-18 01:26:58', '2018-08-17 21:32:37');
INSERT INTO `friendship` (`user_id`, `friend_id`, `friendship_status_id`, `confirmed_at`, `created_at`, `updated_at`) VALUES (95, 95, 5, '2020-08-02 18:36:57', '2019-11-14 21:07:29', '2017-08-26 16:13:24');
INSERT INTO `friendship` (`user_id`, `friend_id`, `friendship_status_id`, `confirmed_at`, `created_at`, `updated_at`) VALUES (96, 96, 1, '2014-06-12 05:50:15', '2017-08-28 04:23:22', '2011-11-05 00:55:39');
INSERT INTO `friendship` (`user_id`, `friend_id`, `friendship_status_id`, `confirmed_at`, `created_at`, `updated_at`) VALUES (97, 97, 2, '2021-04-30 11:04:03', '2013-11-22 06:16:28', '2012-05-11 15:49:13');
INSERT INTO `friendship` (`user_id`, `friend_id`, `friendship_status_id`, `confirmed_at`, `created_at`, `updated_at`) VALUES (98, 98, 3, '2020-12-26 17:59:42', '2015-04-24 21:34:33', '2020-05-07 03:59:13');
INSERT INTO `friendship` (`user_id`, `friend_id`, `friendship_status_id`, `confirmed_at`, `created_at`, `updated_at`) VALUES (99, 99, 4, '2020-11-16 11:12:51', '2018-03-28 15:48:22', '2012-07-15 16:53:17');
INSERT INTO `friendship` (`user_id`, `friend_id`, `friendship_status_id`, `confirmed_at`, `created_at`, `updated_at`) VALUES (100, 100, 5, '2020-10-27 21:30:02', '2013-08-05 09:34:58', '2016-01-11 09:38:17');


#
# TABLE STRUCTURE FOR: friendship_statuses
#

DROP TABLE IF EXISTS `friendship_statuses`;

CREATE TABLE `friendship_statuses` (
  `id` int(10) unsigned NOT NULL AUTO_INCREMENT COMMENT 'Идентификатор строки',
  `name` varchar(150) COLLATE utf8mb4_unicode_ci NOT NULL COMMENT 'Название статуса',
  `created_at` datetime DEFAULT current_timestamp() COMMENT 'Время создания строки',
  `updated_at` datetime DEFAULT current_timestamp() ON UPDATE current_timestamp() COMMENT 'Время обновления строки',
  PRIMARY KEY (`id`),
  UNIQUE KEY `name` (`name`)
) ENGINE=InnoDB AUTO_INCREMENT=6 DEFAULT CHARSET=utf8mb4 COLLATE=utf8mb4_unicode_ci COMMENT='Статусы дружбы';

INSERT INTO `friendship_statuses` (`id`, `name`, `created_at`, `updated_at`) VALUES (1, 'aspernatur', '2011-08-08 06:39:13', '2016-07-11 10:21:07');
INSERT INTO `friendship_statuses` (`id`, `name`, `created_at`, `updated_at`) VALUES (2, 'hic', '2018-06-07 11:31:18', '2015-05-13 10:20:51');
INSERT INTO `friendship_statuses` (`id`, `name`, `created_at`, `updated_at`) VALUES (3, 'dolor', '2016-04-16 18:05:20', '2016-12-23 05:50:47');
INSERT INTO `friendship_statuses` (`id`, `name`, `created_at`, `updated_at`) VALUES (4, 'molestiae', '2020-06-23 23:15:35', '2014-09-13 16:39:23');
INSERT INTO `friendship_statuses` (`id`, `name`, `created_at`, `updated_at`) VALUES (5, 'tenetur', '2017-04-23 15:09:16', '2013-12-19 15:00:12');


#
# TABLE STRUCTURE FOR: media
#

DROP TABLE IF EXISTS `media`;

CREATE TABLE `media` (
  `id` int(10) unsigned NOT NULL AUTO_INCREMENT COMMENT 'Идентификатор строки',
  `user_id` int(10) unsigned NOT NULL COMMENT 'Ссылка на пользователя, который загрузил файл',
  `filename` varchar(255) COLLATE utf8mb4_unicode_ci NOT NULL COMMENT 'Путь к файлу',
  `size` int(11) NOT NULL COMMENT 'Размер файла',
  `metadata` longtext CHARACTER SET utf8mb4 COLLATE utf8mb4_bin DEFAULT NULL COMMENT 'Метаданные файлы' CHECK (json_valid(`metadata`)),
  `media_type_id` int(10) unsigned NOT NULL COMMENT 'Ссылка на тип контента',
  `created_at` datetime DEFAULT current_timestamp() COMMENT 'Время создания строки',
  `updated_at` datetime DEFAULT current_timestamp() ON UPDATE current_timestamp() COMMENT 'Время обновления строки',
  PRIMARY KEY (`id`)
) ENGINE=InnoDB AUTO_INCREMENT=101 DEFAULT CHARSET=utf8mb4 COLLATE=utf8mb4_unicode_ci COMMENT='Медиафайлы';

INSERT INTO `media` (`id`, `user_id`, `filename`, `size`, `metadata`, `media_type_id`, `created_at`, `updated_at`) VALUES (1, 1, 'id', 0, NULL, 1, '2021-04-10 10:19:00', '2021-04-03 16:00:42');
INSERT INTO `media` (`id`, `user_id`, `filename`, `size`, `metadata`, `media_type_id`, `created_at`, `updated_at`) VALUES (2, 2, 'quisquam', 8412, NULL, 2, '2021-04-14 20:23:30', '2021-04-27 21:47:14');
INSERT INTO `media` (`id`, `user_id`, `filename`, `size`, `metadata`, `media_type_id`, `created_at`, `updated_at`) VALUES (3, 3, 'impedit', 20, NULL, 3, '2021-04-02 05:57:12', '2021-04-20 19:48:13');
INSERT INTO `media` (`id`, `user_id`, `filename`, `size`, `metadata`, `media_type_id`, `created_at`, `updated_at`) VALUES (4, 4, 'laboriosam', 0, NULL, 4, '2021-04-08 10:38:57', '2021-04-16 09:37:07');
INSERT INTO `media` (`id`, `user_id`, `filename`, `size`, `metadata`, `media_type_id`, `created_at`, `updated_at`) VALUES (5, 5, 'qui', 2943180, NULL, 5, '2021-04-27 20:09:51', '2021-04-22 00:09:06');
INSERT INTO `media` (`id`, `user_id`, `filename`, `size`, `metadata`, `media_type_id`, `created_at`, `updated_at`) VALUES (6, 6, 'eum', 348327301, NULL, 1, '2021-04-12 08:10:08', '2021-05-01 00:59:55');
INSERT INTO `media` (`id`, `user_id`, `filename`, `size`, `metadata`, `media_type_id`, `created_at`, `updated_at`) VALUES (7, 7, 'laudantium', 9716, NULL, 2, '2021-04-08 18:23:43', '2021-04-27 01:52:27');
INSERT INTO `media` (`id`, `user_id`, `filename`, `size`, `metadata`, `media_type_id`, `created_at`, `updated_at`) VALUES (8, 8, 'inventore', 58, NULL, 3, '2021-04-08 12:36:58', '2021-04-26 01:43:48');
INSERT INTO `media` (`id`, `user_id`, `filename`, `size`, `metadata`, `media_type_id`, `created_at`, `updated_at`) VALUES (9, 9, 'ut', 287, NULL, 4, '2021-04-28 13:33:30', '2021-04-10 11:29:30');
INSERT INTO `media` (`id`, `user_id`, `filename`, `size`, `metadata`, `media_type_id`, `created_at`, `updated_at`) VALUES (10, 10, 'consequuntur', 91011, NULL, 5, '2021-04-12 10:51:29', '2021-04-26 04:54:43');
INSERT INTO `media` (`id`, `user_id`, `filename`, `size`, `metadata`, `media_type_id`, `created_at`, `updated_at`) VALUES (11, 11, 'quos', 485, NULL, 1, '2021-04-27 08:40:38', '2021-04-06 09:54:21');
INSERT INTO `media` (`id`, `user_id`, `filename`, `size`, `metadata`, `media_type_id`, `created_at`, `updated_at`) VALUES (12, 12, 'qui', 23046284, NULL, 2, '2021-04-22 11:36:27', '2021-04-25 00:22:25');
INSERT INTO `media` (`id`, `user_id`, `filename`, `size`, `metadata`, `media_type_id`, `created_at`, `updated_at`) VALUES (13, 13, 'iste', 6957, NULL, 3, '2021-04-20 23:30:53', '2021-04-21 00:06:38');
INSERT INTO `media` (`id`, `user_id`, `filename`, `size`, `metadata`, `media_type_id`, `created_at`, `updated_at`) VALUES (14, 14, 'et', 215, NULL, 4, '2021-04-15 23:13:25', '2021-04-15 04:36:43');
INSERT INTO `media` (`id`, `user_id`, `filename`, `size`, `metadata`, `media_type_id`, `created_at`, `updated_at`) VALUES (15, 15, 'qui', 445, NULL, 5, '2021-04-15 22:33:22', '2021-04-12 13:42:50');
INSERT INTO `media` (`id`, `user_id`, `filename`, `size`, `metadata`, `media_type_id`, `created_at`, `updated_at`) VALUES (16, 16, 'debitis', 24185860, NULL, 1, '2021-04-30 02:18:15', '2021-04-23 17:38:42');
INSERT INTO `media` (`id`, `user_id`, `filename`, `size`, `metadata`, `media_type_id`, `created_at`, `updated_at`) VALUES (17, 17, 'earum', 9976095, NULL, 2, '2021-04-04 05:02:02', '2021-04-27 11:31:02');
INSERT INTO `media` (`id`, `user_id`, `filename`, `size`, `metadata`, `media_type_id`, `created_at`, `updated_at`) VALUES (18, 18, 'est', 9, NULL, 3, '2021-04-10 15:10:33', '2021-04-03 04:58:18');
INSERT INTO `media` (`id`, `user_id`, `filename`, `size`, `metadata`, `media_type_id`, `created_at`, `updated_at`) VALUES (19, 19, 'temporibus', 37422857, NULL, 4, '2021-04-29 12:04:49', '2021-04-27 05:32:49');
INSERT INTO `media` (`id`, `user_id`, `filename`, `size`, `metadata`, `media_type_id`, `created_at`, `updated_at`) VALUES (20, 20, 'quae', 667981894, NULL, 5, '2021-04-17 18:43:08', '2021-04-13 04:47:24');
INSERT INTO `media` (`id`, `user_id`, `filename`, `size`, `metadata`, `media_type_id`, `created_at`, `updated_at`) VALUES (21, 21, 'nihil', 235257880, NULL, 1, '2021-04-05 20:47:11', '2021-04-25 11:25:50');
INSERT INTO `media` (`id`, `user_id`, `filename`, `size`, `metadata`, `media_type_id`, `created_at`, `updated_at`) VALUES (22, 22, 'id', 0, NULL, 2, '2021-04-18 23:39:22', '2021-04-04 23:34:24');
INSERT INTO `media` (`id`, `user_id`, `filename`, `size`, `metadata`, `media_type_id`, `created_at`, `updated_at`) VALUES (23, 23, 'enim', 431296763, NULL, 3, '2021-04-25 12:00:12', '2021-04-09 17:08:58');
INSERT INTO `media` (`id`, `user_id`, `filename`, `size`, `metadata`, `media_type_id`, `created_at`, `updated_at`) VALUES (24, 24, 'pariatur', 53931, NULL, 4, '2021-04-17 14:04:33', '2021-04-30 10:31:25');
INSERT INTO `media` (`id`, `user_id`, `filename`, `size`, `metadata`, `media_type_id`, `created_at`, `updated_at`) VALUES (25, 25, 'inventore', 786155651, NULL, 5, '2021-04-13 09:59:36', '2021-04-04 13:59:05');
INSERT INTO `media` (`id`, `user_id`, `filename`, `size`, `metadata`, `media_type_id`, `created_at`, `updated_at`) VALUES (26, 26, 'commodi', 1772672, NULL, 1, '2021-04-21 07:59:27', '2021-04-03 17:46:48');
INSERT INTO `media` (`id`, `user_id`, `filename`, `size`, `metadata`, `media_type_id`, `created_at`, `updated_at`) VALUES (27, 27, 'vero', 3517, NULL, 2, '2021-04-09 04:46:27', '2021-04-04 21:20:13');
INSERT INTO `media` (`id`, `user_id`, `filename`, `size`, `metadata`, `media_type_id`, `created_at`, `updated_at`) VALUES (28, 28, 'amet', 3, NULL, 3, '2021-04-20 01:13:07', '2021-04-30 20:31:50');
INSERT INTO `media` (`id`, `user_id`, `filename`, `size`, `metadata`, `media_type_id`, `created_at`, `updated_at`) VALUES (29, 29, 'ea', 51031506, NULL, 4, '2021-04-10 21:36:28', '2021-04-28 21:39:33');
INSERT INTO `media` (`id`, `user_id`, `filename`, `size`, `metadata`, `media_type_id`, `created_at`, `updated_at`) VALUES (30, 30, 'est', 50341264, NULL, 5, '2021-04-13 06:20:33', '2021-04-18 08:10:51');
INSERT INTO `media` (`id`, `user_id`, `filename`, `size`, `metadata`, `media_type_id`, `created_at`, `updated_at`) VALUES (31, 31, 'ut', 36833434, NULL, 1, '2021-04-14 21:38:36', '2021-04-20 18:53:08');
INSERT INTO `media` (`id`, `user_id`, `filename`, `size`, `metadata`, `media_type_id`, `created_at`, `updated_at`) VALUES (32, 32, 'itaque', 62899091, NULL, 2, '2021-04-10 12:40:25', '2021-04-16 17:24:21');
INSERT INTO `media` (`id`, `user_id`, `filename`, `size`, `metadata`, `media_type_id`, `created_at`, `updated_at`) VALUES (33, 33, 'in', 6709078, NULL, 3, '2021-04-25 21:33:25', '2021-04-17 07:44:24');
INSERT INTO `media` (`id`, `user_id`, `filename`, `size`, `metadata`, `media_type_id`, `created_at`, `updated_at`) VALUES (34, 34, 'repellendus', 255244843, NULL, 4, '2021-04-16 14:21:11', '2021-04-07 04:33:04');
INSERT INTO `media` (`id`, `user_id`, `filename`, `size`, `metadata`, `media_type_id`, `created_at`, `updated_at`) VALUES (35, 35, 'quia', 514195126, NULL, 5, '2021-04-26 17:32:32', '2021-04-05 07:34:46');
INSERT INTO `media` (`id`, `user_id`, `filename`, `size`, `metadata`, `media_type_id`, `created_at`, `updated_at`) VALUES (36, 36, 'soluta', 5, NULL, 1, '2021-04-26 10:11:02', '2021-04-13 01:36:08');
INSERT INTO `media` (`id`, `user_id`, `filename`, `size`, `metadata`, `media_type_id`, `created_at`, `updated_at`) VALUES (37, 37, 'in', 6, NULL, 2, '2021-04-04 13:50:57', '2021-04-12 19:52:00');
INSERT INTO `media` (`id`, `user_id`, `filename`, `size`, `metadata`, `media_type_id`, `created_at`, `updated_at`) VALUES (38, 38, 'voluptatum', 0, NULL, 3, '2021-04-26 21:27:03', '2021-04-03 20:21:09');
INSERT INTO `media` (`id`, `user_id`, `filename`, `size`, `metadata`, `media_type_id`, `created_at`, `updated_at`) VALUES (39, 39, 'vitae', 79983, NULL, 4, '2021-04-11 21:13:33', '2021-04-28 06:38:29');
INSERT INTO `media` (`id`, `user_id`, `filename`, `size`, `metadata`, `media_type_id`, `created_at`, `updated_at`) VALUES (40, 40, 'molestias', 26, NULL, 5, '2021-04-05 14:10:57', '2021-04-06 08:43:29');
INSERT INTO `media` (`id`, `user_id`, `filename`, `size`, `metadata`, `media_type_id`, `created_at`, `updated_at`) VALUES (41, 41, 'recusandae', 495, NULL, 1, '2021-04-22 03:51:06', '2021-04-10 19:56:47');
INSERT INTO `media` (`id`, `user_id`, `filename`, `size`, `metadata`, `media_type_id`, `created_at`, `updated_at`) VALUES (42, 42, 'qui', 262950503, NULL, 2, '2021-04-07 03:38:18', '2021-04-10 03:42:08');
INSERT INTO `media` (`id`, `user_id`, `filename`, `size`, `metadata`, `media_type_id`, `created_at`, `updated_at`) VALUES (43, 43, 'eum', 996236310, NULL, 3, '2021-04-01 12:24:43', '2021-04-17 01:15:21');
INSERT INTO `media` (`id`, `user_id`, `filename`, `size`, `metadata`, `media_type_id`, `created_at`, `updated_at`) VALUES (44, 44, 'iure', 17883, NULL, 4, '2021-04-03 02:40:24', '2021-04-24 08:41:05');
INSERT INTO `media` (`id`, `user_id`, `filename`, `size`, `metadata`, `media_type_id`, `created_at`, `updated_at`) VALUES (45, 45, 'saepe', 23739, NULL, 5, '2021-04-06 08:47:55', '2021-05-01 03:01:41');
INSERT INTO `media` (`id`, `user_id`, `filename`, `size`, `metadata`, `media_type_id`, `created_at`, `updated_at`) VALUES (46, 46, 'quasi', 694, NULL, 1, '2021-04-09 18:15:37', '2021-04-29 09:42:04');
INSERT INTO `media` (`id`, `user_id`, `filename`, `size`, `metadata`, `media_type_id`, `created_at`, `updated_at`) VALUES (47, 47, 'est', 4, NULL, 2, '2021-04-09 01:18:44', '2021-04-13 17:17:10');
INSERT INTO `media` (`id`, `user_id`, `filename`, `size`, `metadata`, `media_type_id`, `created_at`, `updated_at`) VALUES (48, 48, 'eos', 71955943, NULL, 3, '2021-04-24 02:26:45', '2021-04-27 05:49:45');
INSERT INTO `media` (`id`, `user_id`, `filename`, `size`, `metadata`, `media_type_id`, `created_at`, `updated_at`) VALUES (49, 49, 'consequuntur', 695, NULL, 4, '2021-04-04 20:52:56', '2021-04-09 12:47:23');
INSERT INTO `media` (`id`, `user_id`, `filename`, `size`, `metadata`, `media_type_id`, `created_at`, `updated_at`) VALUES (50, 50, 'et', 0, NULL, 5, '2021-04-28 05:04:19', '2021-04-04 23:12:29');
INSERT INTO `media` (`id`, `user_id`, `filename`, `size`, `metadata`, `media_type_id`, `created_at`, `updated_at`) VALUES (51, 51, 'ea', 794792316, NULL, 1, '2021-04-15 05:20:14', '2021-04-20 22:15:30');
INSERT INTO `media` (`id`, `user_id`, `filename`, `size`, `metadata`, `media_type_id`, `created_at`, `updated_at`) VALUES (52, 52, 'mollitia', 18219441, NULL, 2, '2021-04-11 09:56:54', '2021-04-07 17:25:26');
INSERT INTO `media` (`id`, `user_id`, `filename`, `size`, `metadata`, `media_type_id`, `created_at`, `updated_at`) VALUES (53, 53, 'sequi', 0, NULL, 3, '2021-04-29 02:25:57', '2021-04-17 09:11:46');
INSERT INTO `media` (`id`, `user_id`, `filename`, `size`, `metadata`, `media_type_id`, `created_at`, `updated_at`) VALUES (54, 54, 'modi', 19, NULL, 4, '2021-04-12 23:56:43', '2021-04-03 19:03:57');
INSERT INTO `media` (`id`, `user_id`, `filename`, `size`, `metadata`, `media_type_id`, `created_at`, `updated_at`) VALUES (55, 55, 'voluptate', 42200, NULL, 5, '2021-04-22 18:54:52', '2021-04-01 19:23:08');
INSERT INTO `media` (`id`, `user_id`, `filename`, `size`, `metadata`, `media_type_id`, `created_at`, `updated_at`) VALUES (56, 56, 'iure', 20, NULL, 1, '2021-04-10 10:04:14', '2021-04-30 01:41:33');
INSERT INTO `media` (`id`, `user_id`, `filename`, `size`, `metadata`, `media_type_id`, `created_at`, `updated_at`) VALUES (57, 57, 'et', 271332195, NULL, 2, '2021-04-05 11:41:16', '2021-04-19 03:21:05');
INSERT INTO `media` (`id`, `user_id`, `filename`, `size`, `metadata`, `media_type_id`, `created_at`, `updated_at`) VALUES (58, 58, 'aut', 7, NULL, 3, '2021-04-17 14:04:16', '2021-04-13 07:35:12');
INSERT INTO `media` (`id`, `user_id`, `filename`, `size`, `metadata`, `media_type_id`, `created_at`, `updated_at`) VALUES (59, 59, 'quaerat', 21040, NULL, 4, '2021-04-17 16:12:48', '2021-04-27 08:04:20');
INSERT INTO `media` (`id`, `user_id`, `filename`, `size`, `metadata`, `media_type_id`, `created_at`, `updated_at`) VALUES (60, 60, 'nobis', 0, NULL, 5, '2021-04-17 12:27:08', '2021-04-20 16:43:42');
INSERT INTO `media` (`id`, `user_id`, `filename`, `size`, `metadata`, `media_type_id`, `created_at`, `updated_at`) VALUES (61, 61, 'facere', 210, NULL, 1, '2021-04-19 14:32:09', '2021-04-24 07:55:55');
INSERT INTO `media` (`id`, `user_id`, `filename`, `size`, `metadata`, `media_type_id`, `created_at`, `updated_at`) VALUES (62, 62, 'voluptatem', 426, NULL, 2, '2021-04-25 15:07:39', '2021-04-17 14:59:41');
INSERT INTO `media` (`id`, `user_id`, `filename`, `size`, `metadata`, `media_type_id`, `created_at`, `updated_at`) VALUES (63, 63, 'ut', 52050289, NULL, 3, '2021-04-27 20:33:15', '2021-04-26 17:31:45');
INSERT INTO `media` (`id`, `user_id`, `filename`, `size`, `metadata`, `media_type_id`, `created_at`, `updated_at`) VALUES (64, 64, 'molestiae', 91782909, NULL, 4, '2021-04-18 03:36:05', '2021-04-07 19:44:33');
INSERT INTO `media` (`id`, `user_id`, `filename`, `size`, `metadata`, `media_type_id`, `created_at`, `updated_at`) VALUES (65, 65, 'sunt', 59, NULL, 5, '2021-04-06 06:05:52', '2021-04-11 17:34:57');
INSERT INTO `media` (`id`, `user_id`, `filename`, `size`, `metadata`, `media_type_id`, `created_at`, `updated_at`) VALUES (66, 66, 'culpa', 5049142, NULL, 1, '2021-04-02 18:42:45', '2021-04-23 23:58:34');
INSERT INTO `media` (`id`, `user_id`, `filename`, `size`, `metadata`, `media_type_id`, `created_at`, `updated_at`) VALUES (67, 67, 'libero', 552817994, NULL, 2, '2021-04-07 12:52:06', '2021-04-30 06:39:15');
INSERT INTO `media` (`id`, `user_id`, `filename`, `size`, `metadata`, `media_type_id`, `created_at`, `updated_at`) VALUES (68, 68, 'soluta', 8341272, NULL, 3, '2021-04-24 08:30:42', '2021-04-26 08:49:02');
INSERT INTO `media` (`id`, `user_id`, `filename`, `size`, `metadata`, `media_type_id`, `created_at`, `updated_at`) VALUES (69, 69, 'corrupti', 511801, NULL, 4, '2021-04-29 21:30:33', '2021-04-21 17:14:52');
INSERT INTO `media` (`id`, `user_id`, `filename`, `size`, `metadata`, `media_type_id`, `created_at`, `updated_at`) VALUES (70, 70, 'est', 8757696, NULL, 5, '2021-04-19 18:50:14', '2021-04-13 04:39:19');
INSERT INTO `media` (`id`, `user_id`, `filename`, `size`, `metadata`, `media_type_id`, `created_at`, `updated_at`) VALUES (71, 71, 'sunt', 96533, NULL, 1, '2021-04-08 08:08:42', '2021-04-27 20:23:32');
INSERT INTO `media` (`id`, `user_id`, `filename`, `size`, `metadata`, `media_type_id`, `created_at`, `updated_at`) VALUES (72, 72, 'quo', 9106018, NULL, 2, '2021-04-02 20:49:16', '2021-04-07 05:56:14');
INSERT INTO `media` (`id`, `user_id`, `filename`, `size`, `metadata`, `media_type_id`, `created_at`, `updated_at`) VALUES (73, 73, 'est', 360788132, NULL, 3, '2021-04-22 19:03:21', '2021-04-14 23:25:11');
INSERT INTO `media` (`id`, `user_id`, `filename`, `size`, `metadata`, `media_type_id`, `created_at`, `updated_at`) VALUES (74, 74, 'consequuntur', 43340705, NULL, 4, '2021-04-29 09:16:56', '2021-04-25 03:56:48');
INSERT INTO `media` (`id`, `user_id`, `filename`, `size`, `metadata`, `media_type_id`, `created_at`, `updated_at`) VALUES (75, 75, 'officia', 8662973, NULL, 5, '2021-04-11 14:08:03', '2021-04-14 06:31:00');
INSERT INTO `media` (`id`, `user_id`, `filename`, `size`, `metadata`, `media_type_id`, `created_at`, `updated_at`) VALUES (76, 76, 'qui', 7720043, NULL, 1, '2021-04-05 05:58:17', '2021-04-22 20:15:38');
INSERT INTO `media` (`id`, `user_id`, `filename`, `size`, `metadata`, `media_type_id`, `created_at`, `updated_at`) VALUES (77, 77, 'sunt', 53708967, NULL, 2, '2021-04-06 22:38:50', '2021-04-08 11:12:33');
INSERT INTO `media` (`id`, `user_id`, `filename`, `size`, `metadata`, `media_type_id`, `created_at`, `updated_at`) VALUES (78, 78, 'totam', 4, NULL, 3, '2021-04-08 21:19:47', '2021-04-03 17:26:35');
INSERT INTO `media` (`id`, `user_id`, `filename`, `size`, `metadata`, `media_type_id`, `created_at`, `updated_at`) VALUES (79, 79, 'est', 17, NULL, 4, '2021-04-09 08:51:33', '2021-04-22 03:52:30');
INSERT INTO `media` (`id`, `user_id`, `filename`, `size`, `metadata`, `media_type_id`, `created_at`, `updated_at`) VALUES (80, 80, 'et', 231, NULL, 5, '2021-04-02 18:57:09', '2021-04-07 19:50:30');
INSERT INTO `media` (`id`, `user_id`, `filename`, `size`, `metadata`, `media_type_id`, `created_at`, `updated_at`) VALUES (81, 81, 'animi', 43575, NULL, 1, '2021-04-26 08:59:16', '2021-04-27 14:06:41');
INSERT INTO `media` (`id`, `user_id`, `filename`, `size`, `metadata`, `media_type_id`, `created_at`, `updated_at`) VALUES (82, 82, 'aut', 79199, NULL, 2, '2021-04-28 20:31:50', '2021-04-17 21:18:13');
INSERT INTO `media` (`id`, `user_id`, `filename`, `size`, `metadata`, `media_type_id`, `created_at`, `updated_at`) VALUES (83, 83, 'enim', 7798, NULL, 3, '2021-04-20 02:40:07', '2021-04-12 15:31:26');
INSERT INTO `media` (`id`, `user_id`, `filename`, `size`, `metadata`, `media_type_id`, `created_at`, `updated_at`) VALUES (84, 84, 'veniam', 657783755, NULL, 4, '2021-04-08 14:56:53', '2021-04-28 20:37:28');
INSERT INTO `media` (`id`, `user_id`, `filename`, `size`, `metadata`, `media_type_id`, `created_at`, `updated_at`) VALUES (85, 85, 'pariatur', 0, NULL, 5, '2021-04-05 09:03:04', '2021-04-24 02:59:29');
INSERT INTO `media` (`id`, `user_id`, `filename`, `size`, `metadata`, `media_type_id`, `created_at`, `updated_at`) VALUES (86, 86, 'id', 0, NULL, 1, '2021-04-18 04:23:39', '2021-04-01 16:56:52');
INSERT INTO `media` (`id`, `user_id`, `filename`, `size`, `metadata`, `media_type_id`, `created_at`, `updated_at`) VALUES (87, 87, 'iure', 23612674, NULL, 2, '2021-04-27 06:07:55', '2021-04-18 10:16:37');
INSERT INTO `media` (`id`, `user_id`, `filename`, `size`, `metadata`, `media_type_id`, `created_at`, `updated_at`) VALUES (88, 88, 'quia', 367788994, NULL, 3, '2021-04-27 14:23:53', '2021-04-20 01:49:00');
INSERT INTO `media` (`id`, `user_id`, `filename`, `size`, `metadata`, `media_type_id`, `created_at`, `updated_at`) VALUES (89, 89, 'asperiores', 1157, NULL, 4, '2021-04-13 15:35:48', '2021-04-19 13:46:07');
INSERT INTO `media` (`id`, `user_id`, `filename`, `size`, `metadata`, `media_type_id`, `created_at`, `updated_at`) VALUES (90, 90, 'ut', 300, NULL, 5, '2021-04-12 18:08:28', '2021-04-13 18:58:33');
INSERT INTO `media` (`id`, `user_id`, `filename`, `size`, `metadata`, `media_type_id`, `created_at`, `updated_at`) VALUES (91, 91, 'placeat', 0, NULL, 1, '2021-04-22 11:16:24', '2021-04-07 00:46:36');
INSERT INTO `media` (`id`, `user_id`, `filename`, `size`, `metadata`, `media_type_id`, `created_at`, `updated_at`) VALUES (92, 92, 'error', 3374366, NULL, 2, '2021-04-13 04:27:36', '2021-04-04 03:32:56');
INSERT INTO `media` (`id`, `user_id`, `filename`, `size`, `metadata`, `media_type_id`, `created_at`, `updated_at`) VALUES (93, 93, 'consequatur', 24404, NULL, 3, '2021-04-11 23:57:11', '2021-04-05 15:29:23');
INSERT INTO `media` (`id`, `user_id`, `filename`, `size`, `metadata`, `media_type_id`, `created_at`, `updated_at`) VALUES (94, 94, 'quae', 37237, NULL, 4, '2021-04-07 15:08:57', '2021-04-30 06:03:11');
INSERT INTO `media` (`id`, `user_id`, `filename`, `size`, `metadata`, `media_type_id`, `created_at`, `updated_at`) VALUES (95, 95, 'a', 219770, NULL, 5, '2021-04-16 23:11:11', '2021-04-09 09:11:15');
INSERT INTO `media` (`id`, `user_id`, `filename`, `size`, `metadata`, `media_type_id`, `created_at`, `updated_at`) VALUES (96, 96, 'itaque', 51932, NULL, 1, '2021-04-06 00:47:18', '2021-04-10 04:59:14');
INSERT INTO `media` (`id`, `user_id`, `filename`, `size`, `metadata`, `media_type_id`, `created_at`, `updated_at`) VALUES (97, 97, 'quod', 8755846, NULL, 2, '2021-04-22 08:36:32', '2021-04-14 04:42:53');
INSERT INTO `media` (`id`, `user_id`, `filename`, `size`, `metadata`, `media_type_id`, `created_at`, `updated_at`) VALUES (98, 98, 'id', 7568000, NULL, 3, '2021-04-24 06:24:29', '2021-04-18 17:23:31');
INSERT INTO `media` (`id`, `user_id`, `filename`, `size`, `metadata`, `media_type_id`, `created_at`, `updated_at`) VALUES (99, 99, 'molestiae', 9555, NULL, 4, '2021-04-28 08:56:22', '2021-04-23 20:26:26');
INSERT INTO `media` (`id`, `user_id`, `filename`, `size`, `metadata`, `media_type_id`, `created_at`, `updated_at`) VALUES (100, 100, 'rerum', 96, NULL, 5, '2021-04-06 13:47:09', '2021-04-25 02:43:50');


#
# TABLE STRUCTURE FOR: media_types
#

DROP TABLE IF EXISTS `media_types`;

CREATE TABLE `media_types` (
  `id` int(10) unsigned NOT NULL AUTO_INCREMENT COMMENT 'Идентификатор строки',
  `name` varchar(255) COLLATE utf8mb4_unicode_ci NOT NULL COMMENT 'Название типа',
  `created_at` datetime DEFAULT current_timestamp() COMMENT 'Время создания строки',
  `updated_at` datetime DEFAULT current_timestamp() ON UPDATE current_timestamp() COMMENT 'Время обновления строки',
  PRIMARY KEY (`id`),
  UNIQUE KEY `name` (`name`)
) ENGINE=InnoDB AUTO_INCREMENT=6 DEFAULT CHARSET=utf8mb4 COLLATE=utf8mb4_unicode_ci COMMENT='Типы медиафайлов';

INSERT INTO `media_types` (`id`, `name`, `created_at`, `updated_at`) VALUES (1, 'consequuntur', '2014-08-22 08:18:03', '2021-02-22 21:30:09');
INSERT INTO `media_types` (`id`, `name`, `created_at`, `updated_at`) VALUES (2, 'atque', '2016-05-31 07:34:10', '2015-03-25 05:18:39');
INSERT INTO `media_types` (`id`, `name`, `created_at`, `updated_at`) VALUES (3, 'accusantium', '2019-05-23 02:39:41', '2013-10-18 06:11:58');
INSERT INTO `media_types` (`id`, `name`, `created_at`, `updated_at`) VALUES (4, 'quibusdam', '2019-07-31 13:10:15', '2018-03-23 17:43:25');
INSERT INTO `media_types` (`id`, `name`, `created_at`, `updated_at`) VALUES (5, 'in', '2012-12-27 07:38:08', '2018-07-08 11:18:40');


#
# TABLE STRUCTURE FOR: messages
#

DROP TABLE IF EXISTS `messages`;

CREATE TABLE `messages` (
  `id` int(10) unsigned NOT NULL AUTO_INCREMENT COMMENT 'Идентификатор строки',
  `from_user_id` int(10) unsigned NOT NULL COMMENT 'Ссылка на отправителя сообщений',
  `to_user_id` int(10) unsigned NOT NULL COMMENT 'Ссылка на получателя сообщения',
  `body` text COLLATE utf8mb4_unicode_ci NOT NULL COMMENT 'Текст сообщения',
  `is_important` tinyint(1) DEFAULT NULL COMMENT 'Признак важности',
  `is_delivered` tinyint(1) DEFAULT NULL COMMENT 'Признак доставки',
  `created_at` datetime DEFAULT current_timestamp() COMMENT 'Время создания строки',
  PRIMARY KEY (`id`)
) ENGINE=InnoDB AUTO_INCREMENT=101 DEFAULT CHARSET=utf8mb4 COLLATE=utf8mb4_unicode_ci COMMENT='Сообщения';

INSERT INTO `messages` (`id`, `from_user_id`, `to_user_id`, `body`, `is_important`, `is_delivered`, `created_at`) VALUES (1, 24, 53, 'Vel nisi dolorum dolores corrupti ex. A similique quae nisi numquam. Ipsam et quos eos eos voluptas nesciunt et. Necessitatibus odio ut accusantium praesentium eos.', 0, 1, '2012-12-28 19:41:27');
INSERT INTO `messages` (`id`, `from_user_id`, `to_user_id`, `body`, `is_important`, `is_delivered`, `created_at`) VALUES (2, 21, 88, 'Et adipisci nihil molestiae rerum pariatur quas. Harum et consequatur sunt doloribus quas. Accusantium eum natus voluptatem illum ducimus eum. Natus incidunt deleniti debitis cumque aut voluptate molestias. Earum adipisci et dolores eligendi vel fugit.', 1, 0, '2019-09-29 04:55:36');
INSERT INTO `messages` (`id`, `from_user_id`, `to_user_id`, `body`, `is_important`, `is_delivered`, `created_at`) VALUES (3, 6, 38, 'Voluptatem nesciunt neque velit voluptatem. Facere doloremque excepturi molestiae voluptatum. Aut aut et sunt est aut ducimus et.', 1, 1, '2018-12-15 13:17:48');
INSERT INTO `messages` (`id`, `from_user_id`, `to_user_id`, `body`, `is_important`, `is_delivered`, `created_at`) VALUES (4, 98, 15, 'Enim itaque qui eum enim. Sed quibusdam magni ut impedit doloremque non dignissimos. Qui quia cupiditate explicabo quidem quia.', 0, 0, '2012-02-25 15:55:37');
INSERT INTO `messages` (`id`, `from_user_id`, `to_user_id`, `body`, `is_important`, `is_delivered`, `created_at`) VALUES (5, 25, 85, 'Autem voluptas soluta quae sed autem. Eaque mollitia ut quis iste. Recusandae ut iure necessitatibus atque esse.', 0, 1, '2017-10-17 14:52:04');
INSERT INTO `messages` (`id`, `from_user_id`, `to_user_id`, `body`, `is_important`, `is_delivered`, `created_at`) VALUES (6, 80, 29, 'Maxime et saepe soluta consequatur veritatis facilis quibusdam. Consequatur reprehenderit voluptate dolores asperiores in facere. Culpa vitae aut non. Dolore in et aut illum provident.', 1, 1, '2020-10-22 18:30:39');
INSERT INTO `messages` (`id`, `from_user_id`, `to_user_id`, `body`, `is_important`, `is_delivered`, `created_at`) VALUES (7, 6, 34, 'Error vero quam quas officia et quia. Voluptatem laborum debitis modi voluptas blanditiis laborum vero.', 0, 0, '2013-10-07 21:29:06');
INSERT INTO `messages` (`id`, `from_user_id`, `to_user_id`, `body`, `is_important`, `is_delivered`, `created_at`) VALUES (8, 84, 61, 'Voluptate reprehenderit officia et porro. Rerum eius facere et iste tenetur ut in dolor. Suscipit voluptatibus aut est.', 1, 0, '2012-07-12 15:35:02');
INSERT INTO `messages` (`id`, `from_user_id`, `to_user_id`, `body`, `is_important`, `is_delivered`, `created_at`) VALUES (9, 87, 86, 'Qui sit molestiae molestiae ut rerum. Adipisci suscipit ipsa ut omnis et qui laudantium quae. Veniam facilis fugit sed voluptatem delectus. Et ipsam deserunt doloribus doloremque omnis magni.', 0, 0, '2014-05-02 23:33:09');
INSERT INTO `messages` (`id`, `from_user_id`, `to_user_id`, `body`, `is_important`, `is_delivered`, `created_at`) VALUES (10, 48, 35, 'Vero aliquid molestias ea reiciendis quasi eos ut. A aut id labore qui et ut.', 1, 0, '2016-01-01 19:11:31');
INSERT INTO `messages` (`id`, `from_user_id`, `to_user_id`, `body`, `is_important`, `is_delivered`, `created_at`) VALUES (11, 86, 66, 'Magnam aut quae accusantium earum nihil ea expedita. Esse excepturi necessitatibus vero illo ex at et. Iste ratione vero eum quisquam optio voluptatum quis.', 0, 1, '2015-05-30 18:25:23');
INSERT INTO `messages` (`id`, `from_user_id`, `to_user_id`, `body`, `is_important`, `is_delivered`, `created_at`) VALUES (12, 16, 16, 'Non esse autem dolore non est sit natus. Repudiandae earum quia voluptatem velit. Voluptatem et qui labore minima voluptate occaecati culpa. Voluptas blanditiis aut vitae incidunt tempore ad. Ipsa voluptatem voluptatem cumque tempora ut quam et.', 1, 0, '2015-05-22 22:29:24');
INSERT INTO `messages` (`id`, `from_user_id`, `to_user_id`, `body`, `is_important`, `is_delivered`, `created_at`) VALUES (13, 96, 92, 'Quos possimus dolore voluptas accusantium natus. Quae eaque sint sit totam. Impedit officia possimus quam veritatis. Possimus deleniti qui esse quisquam perspiciatis. Voluptatum fugiat harum autem et facere.', 1, 0, '2015-05-04 19:32:27');
INSERT INTO `messages` (`id`, `from_user_id`, `to_user_id`, `body`, `is_important`, `is_delivered`, `created_at`) VALUES (14, 7, 20, 'Quaerat praesentium minus consequatur voluptatem aspernatur quasi nulla. Nobis porro est asperiores qui vero. Ipsum fugit distinctio cumque qui distinctio. Et amet omnis ut sequi.', 0, 1, '2017-10-12 23:17:55');
INSERT INTO `messages` (`id`, `from_user_id`, `to_user_id`, `body`, `is_important`, `is_delivered`, `created_at`) VALUES (15, 77, 87, 'Optio aliquam minus voluptas hic quos. Veniam et omnis sunt. Inventore cupiditate tenetur mollitia excepturi. Veniam aut nulla adipisci et.', 1, 1, '2013-03-04 20:52:47');
INSERT INTO `messages` (`id`, `from_user_id`, `to_user_id`, `body`, `is_important`, `is_delivered`, `created_at`) VALUES (16, 74, 1, 'Rerum rerum aut aut et. Tempora nisi quis qui dolorum ipsa. Fuga assumenda aut quis atque.', 0, 1, '2017-07-03 07:26:52');
INSERT INTO `messages` (`id`, `from_user_id`, `to_user_id`, `body`, `is_important`, `is_delivered`, `created_at`) VALUES (17, 39, 95, 'Veniam qui vel aliquam temporibus aut et. Porro dolor ut aut. Est sed consequatur autem laborum cupiditate voluptatem non.', 1, 1, '2014-05-03 04:01:17');
INSERT INTO `messages` (`id`, `from_user_id`, `to_user_id`, `body`, `is_important`, `is_delivered`, `created_at`) VALUES (18, 88, 44, 'Vel voluptas natus quas impedit. Qui vel molestiae delectus qui harum. Facere officia non iure sunt alias. Totam consectetur voluptatem excepturi ut et consequuntur.', 1, 1, '2012-05-18 22:27:13');
INSERT INTO `messages` (`id`, `from_user_id`, `to_user_id`, `body`, `is_important`, `is_delivered`, `created_at`) VALUES (19, 32, 86, 'Aut delectus et cupiditate nihil eum voluptatem repellat consequatur. Corrupti repellat reiciendis quia autem sunt. Perferendis delectus autem esse rerum et. Illo magni ut est illo qui.', 1, 1, '2011-08-04 15:00:25');
INSERT INTO `messages` (`id`, `from_user_id`, `to_user_id`, `body`, `is_important`, `is_delivered`, `created_at`) VALUES (20, 58, 56, 'Omnis aut aut dolore est consectetur quas exercitationem. Dolor quis hic repudiandae aut. Doloremque sapiente ex repellat qui sit maiores.', 1, 1, '2017-06-28 20:37:42');
INSERT INTO `messages` (`id`, `from_user_id`, `to_user_id`, `body`, `is_important`, `is_delivered`, `created_at`) VALUES (21, 70, 38, 'Magni ut in quia corporis aut nulla. Possimus qui inventore sed voluptatem nostrum. Qui deserunt cum qui rerum culpa consequuntur sit. Quia totam et nam voluptas.', 1, 0, '2016-08-23 14:13:04');
INSERT INTO `messages` (`id`, `from_user_id`, `to_user_id`, `body`, `is_important`, `is_delivered`, `created_at`) VALUES (22, 85, 76, 'Quae ut in ducimus consectetur saepe earum. Iusto excepturi quasi veniam. Nobis praesentium voluptas nihil corporis provident ex voluptas.', 1, 1, '2017-07-06 03:36:46');
INSERT INTO `messages` (`id`, `from_user_id`, `to_user_id`, `body`, `is_important`, `is_delivered`, `created_at`) VALUES (23, 71, 69, 'Facere necessitatibus est animi qui. Est minima aut est repellat.', 1, 1, '2014-04-15 18:56:17');
INSERT INTO `messages` (`id`, `from_user_id`, `to_user_id`, `body`, `is_important`, `is_delivered`, `created_at`) VALUES (24, 36, 58, 'Minima consectetur atque deserunt expedita tenetur. Ut consequatur earum non sed maxime natus. Provident tempore unde soluta veniam quia facilis. Qui sed consectetur ipsa blanditiis.', 0, 0, '2012-09-19 16:15:39');
INSERT INTO `messages` (`id`, `from_user_id`, `to_user_id`, `body`, `is_important`, `is_delivered`, `created_at`) VALUES (25, 54, 84, 'Vel non suscipit nulla ipsa ut dolores blanditiis. Illo veniam molestias impedit enim impedit qui eveniet. Et ad veniam ullam recusandae nisi et. Fugiat iusto nihil ut autem.', 1, 0, '2019-05-05 22:06:53');
INSERT INTO `messages` (`id`, `from_user_id`, `to_user_id`, `body`, `is_important`, `is_delivered`, `created_at`) VALUES (26, 93, 39, 'Iusto autem vero reiciendis voluptas. Nihil eius deleniti cum sed distinctio nihil. Consequatur sed aut commodi possimus qui ut.', 0, 0, '2019-01-10 15:38:24');
INSERT INTO `messages` (`id`, `from_user_id`, `to_user_id`, `body`, `is_important`, `is_delivered`, `created_at`) VALUES (27, 49, 8, 'Sed doloribus magni tenetur ut placeat facilis ut. Voluptas sed eum aliquid corrupti numquam. Sapiente suscipit illum sed sed optio alias magnam. Eum non architecto fuga.', 0, 0, '2015-08-11 07:25:30');
INSERT INTO `messages` (`id`, `from_user_id`, `to_user_id`, `body`, `is_important`, `is_delivered`, `created_at`) VALUES (28, 55, 45, 'Rem quod dolores odio est quo minima atque. Doloribus sunt dolorem laborum sit repellendus. In qui in soluta consequatur error dolor. In beatae soluta non assumenda.', 0, 0, '2015-01-24 18:26:52');
INSERT INTO `messages` (`id`, `from_user_id`, `to_user_id`, `body`, `is_important`, `is_delivered`, `created_at`) VALUES (29, 100, 61, 'Quaerat aut itaque aut dolores autem facilis soluta. Sit sit omnis ducimus dolorem quos quasi. Et asperiores odit quo cum perspiciatis et reprehenderit.', 0, 1, '2015-04-20 04:18:21');
INSERT INTO `messages` (`id`, `from_user_id`, `to_user_id`, `body`, `is_important`, `is_delivered`, `created_at`) VALUES (30, 65, 77, 'Debitis delectus inventore aut ea tempora laudantium voluptatem. Repellat dolor autem et. Quas odit quidem accusamus dolorem reprehenderit harum atque. Error minima nostrum vitae ab cupiditate.', 0, 1, '2018-10-08 15:11:18');
INSERT INTO `messages` (`id`, `from_user_id`, `to_user_id`, `body`, `is_important`, `is_delivered`, `created_at`) VALUES (31, 47, 39, 'Soluta nulla ratione veniam. Sint omnis architecto modi velit. Ipsa occaecati omnis pariatur voluptate neque porro quidem error. Ut odit eius atque perspiciatis placeat veritatis. Inventore consequatur voluptatem libero.', 0, 0, '2021-01-22 16:12:14');
INSERT INTO `messages` (`id`, `from_user_id`, `to_user_id`, `body`, `is_important`, `is_delivered`, `created_at`) VALUES (32, 77, 86, 'Alias dolor dolor aut omnis officia. Odit sit natus et veritatis nobis in voluptas. Et doloremque cum illum vero in et.', 0, 0, '2018-08-02 07:32:46');
INSERT INTO `messages` (`id`, `from_user_id`, `to_user_id`, `body`, `is_important`, `is_delivered`, `created_at`) VALUES (33, 33, 64, 'Cupiditate exercitationem iste sunt officia laboriosam error. A placeat maxime esse. Sunt tempore corporis a nobis est. Qui error aut voluptatum architecto ullam.', 0, 0, '2021-01-26 01:56:05');
INSERT INTO `messages` (`id`, `from_user_id`, `to_user_id`, `body`, `is_important`, `is_delivered`, `created_at`) VALUES (34, 29, 64, 'Ex voluptate officia natus. Tempora reiciendis laudantium et optio commodi. Qui a aliquid commodi consequatur cumque tenetur sit. Ipsam magnam blanditiis laborum dolorum qui.', 0, 0, '2019-07-24 06:12:48');
INSERT INTO `messages` (`id`, `from_user_id`, `to_user_id`, `body`, `is_important`, `is_delivered`, `created_at`) VALUES (35, 50, 87, 'Eos cum molestiae commodi sunt ut nihil. Modi exercitationem impedit consequatur est. Vitae deserunt et ab tempora minima odio distinctio. At quis rem quibusdam eos similique sunt sit doloribus.', 1, 1, '2019-03-20 12:54:37');
INSERT INTO `messages` (`id`, `from_user_id`, `to_user_id`, `body`, `is_important`, `is_delivered`, `created_at`) VALUES (36, 20, 19, 'Quis consequatur iste sit alias. Illum repellat dolor natus fugit et. Cum quam distinctio ea maxime qui nam doloribus.', 1, 1, '2020-02-27 10:10:53');
INSERT INTO `messages` (`id`, `from_user_id`, `to_user_id`, `body`, `is_important`, `is_delivered`, `created_at`) VALUES (37, 25, 5, 'Ad in ducimus molestiae dolorem. Qui necessitatibus et ut nisi qui ex quia numquam. Molestias quis qui laboriosam architecto magni iusto.', 1, 1, '2012-12-23 02:11:27');
INSERT INTO `messages` (`id`, `from_user_id`, `to_user_id`, `body`, `is_important`, `is_delivered`, `created_at`) VALUES (38, 95, 96, 'Eligendi ut quae dolorem voluptas necessitatibus quasi asperiores. Inventore dolorum ex laudantium animi.', 0, 1, '2012-02-03 17:08:42');
INSERT INTO `messages` (`id`, `from_user_id`, `to_user_id`, `body`, `is_important`, `is_delivered`, `created_at`) VALUES (39, 73, 31, 'Praesentium molestias nihil voluptatem dicta. Veritatis ex amet perspiciatis. Quia cumque velit cupiditate consequuntur omnis eum cum est.', 0, 0, '2014-02-04 05:59:49');
INSERT INTO `messages` (`id`, `from_user_id`, `to_user_id`, `body`, `is_important`, `is_delivered`, `created_at`) VALUES (40, 53, 27, 'Quod eligendi et ratione ducimus dolorem. Dignissimos eveniet minus tempora beatae. Molestiae quisquam optio modi aliquid. Cum distinctio sunt et dicta harum.', 0, 0, '2018-03-11 03:03:34');
INSERT INTO `messages` (`id`, `from_user_id`, `to_user_id`, `body`, `is_important`, `is_delivered`, `created_at`) VALUES (41, 15, 46, 'Rerum voluptatem nihil alias aspernatur sit sit quia totam. Aut autem incidunt omnis aut explicabo ut. Ut aut culpa exercitationem autem in ipsam qui. Iste doloremque impedit eveniet illo occaecati placeat aliquid.', 0, 1, '2014-01-28 12:17:32');
INSERT INTO `messages` (`id`, `from_user_id`, `to_user_id`, `body`, `is_important`, `is_delivered`, `created_at`) VALUES (42, 66, 63, 'Iure inventore dolore exercitationem atque aut ullam natus. Consequatur impedit eaque est magni in sit suscipit ea. Eos a sunt cupiditate ut voluptatem quisquam aperiam veniam. A veritatis sed dolorum.', 0, 0, '2011-06-22 01:48:55');
INSERT INTO `messages` (`id`, `from_user_id`, `to_user_id`, `body`, `is_important`, `is_delivered`, `created_at`) VALUES (43, 54, 20, 'Officia ad voluptatum aut dolorum voluptas magnam iusto. Reprehenderit molestiae accusantium voluptatem rerum vel delectus. Laudantium earum quas temporibus quia. Rerum et voluptatem atque error velit hic voluptatum.', 0, 1, '2015-02-02 08:00:56');
INSERT INTO `messages` (`id`, `from_user_id`, `to_user_id`, `body`, `is_important`, `is_delivered`, `created_at`) VALUES (44, 8, 53, 'Quam ipsa qui omnis aut tempore sunt quidem modi. Voluptatibus et asperiores incidunt quia et voluptas quae. Veritatis beatae illum accusantium voluptatem enim sapiente.', 1, 1, '2013-02-09 06:26:22');
INSERT INTO `messages` (`id`, `from_user_id`, `to_user_id`, `body`, `is_important`, `is_delivered`, `created_at`) VALUES (45, 80, 72, 'Et facilis consequatur quisquam qui facilis. A placeat deleniti libero. Quo soluta voluptas laboriosam aut aut est. Dolorem placeat neque qui culpa similique.', 0, 0, '2019-12-13 19:27:31');
INSERT INTO `messages` (`id`, `from_user_id`, `to_user_id`, `body`, `is_important`, `is_delivered`, `created_at`) VALUES (46, 29, 27, 'Debitis voluptatem qui quibusdam dolores voluptatum qui quo. Explicabo eum ducimus et aut omnis facilis autem. Quae est eaque sit odio fugiat enim. Amet eveniet dolorem officia eum. Quas ea ipsa possimus quos praesentium suscipit esse.', 0, 1, '2016-09-02 06:53:08');
INSERT INTO `messages` (`id`, `from_user_id`, `to_user_id`, `body`, `is_important`, `is_delivered`, `created_at`) VALUES (47, 10, 6, 'Sit similique eligendi ducimus eos totam et. Et quidem facilis consequatur neque. Tenetur aliquam perspiciatis dicta nam et. Numquam ut ducimus maiores autem voluptate.', 1, 1, '2013-09-20 13:37:26');
INSERT INTO `messages` (`id`, `from_user_id`, `to_user_id`, `body`, `is_important`, `is_delivered`, `created_at`) VALUES (48, 12, 43, 'Placeat ratione maiores explicabo dolorum enim dolorum expedita et. Similique totam aut dolor omnis consequuntur voluptatibus. Officiis distinctio eaque laudantium. Hic quod nulla possimus ipsam cum. Ullam beatae eius quo perspiciatis debitis necessitatibus.', 0, 1, '2011-11-26 00:52:33');
INSERT INTO `messages` (`id`, `from_user_id`, `to_user_id`, `body`, `is_important`, `is_delivered`, `created_at`) VALUES (49, 70, 41, 'Necessitatibus sit sapiente nisi. Velit autem in consectetur molestias sit velit. Debitis quisquam ut rerum ex at voluptas. Vel eius ut molestiae quia.', 1, 1, '2015-08-01 02:00:59');
INSERT INTO `messages` (`id`, `from_user_id`, `to_user_id`, `body`, `is_important`, `is_delivered`, `created_at`) VALUES (50, 7, 19, 'Neque eum qui culpa. Voluptas saepe cupiditate dignissimos officiis est aut tempore. Cum vel impedit fuga magni ut. Sit cupiditate impedit assumenda dolorem qui.', 1, 0, '2020-07-25 14:00:46');
INSERT INTO `messages` (`id`, `from_user_id`, `to_user_id`, `body`, `is_important`, `is_delivered`, `created_at`) VALUES (51, 27, 27, 'Voluptatibus velit consequatur voluptatem sint quam minima. Numquam vero repellendus porro sequi consectetur expedita tempore. Corporis id provident natus suscipit harum vitae beatae. Sequi id aperiam voluptate iusto. Et omnis earum sed temporibus minima magnam.', 1, 1, '2019-01-01 23:08:01');
INSERT INTO `messages` (`id`, `from_user_id`, `to_user_id`, `body`, `is_important`, `is_delivered`, `created_at`) VALUES (52, 38, 52, 'Incidunt velit nostrum voluptatibus magni molestiae perspiciatis omnis. Sed in dignissimos cumque modi omnis. In natus labore ad quia maiores esse. Dignissimos aut atque voluptatem ut consectetur iste minima.', 0, 0, '2020-02-26 23:13:29');
INSERT INTO `messages` (`id`, `from_user_id`, `to_user_id`, `body`, `is_important`, `is_delivered`, `created_at`) VALUES (53, 31, 32, 'Doloremque sit voluptates perspiciatis ab vel. Dolores qui qui id similique commodi. Qui est provident natus sint delectus tenetur aliquid.', 1, 0, '2012-04-15 18:47:25');
INSERT INTO `messages` (`id`, `from_user_id`, `to_user_id`, `body`, `is_important`, `is_delivered`, `created_at`) VALUES (54, 47, 4, 'Voluptas et optio repellat quas a et. Accusantium molestiae deleniti aut laboriosam et ut vel quae. Iste nesciunt ut eaque aut earum.', 0, 0, '2017-06-22 06:27:26');
INSERT INTO `messages` (`id`, `from_user_id`, `to_user_id`, `body`, `is_important`, `is_delivered`, `created_at`) VALUES (55, 63, 99, 'Ut tenetur beatae earum pariatur. Molestiae sit eos reprehenderit itaque deleniti et. Delectus ducimus et maiores quam cupiditate.', 1, 1, '2014-07-25 10:01:59');
INSERT INTO `messages` (`id`, `from_user_id`, `to_user_id`, `body`, `is_important`, `is_delivered`, `created_at`) VALUES (56, 30, 77, 'Assumenda modi accusamus sunt tenetur sit optio doloremque. Earum facere vitae architecto sint temporibus reiciendis.', 0, 1, '2012-07-17 16:15:08');
INSERT INTO `messages` (`id`, `from_user_id`, `to_user_id`, `body`, `is_important`, `is_delivered`, `created_at`) VALUES (57, 45, 95, 'Molestiae aut dolorem aperiam quae. Voluptates ex aliquam eum quod rem nihil molestias. Magnam molestiae nulla omnis provident dolorem.', 0, 1, '2017-11-30 06:02:32');
INSERT INTO `messages` (`id`, `from_user_id`, `to_user_id`, `body`, `is_important`, `is_delivered`, `created_at`) VALUES (58, 40, 98, 'Maxime reprehenderit cum pariatur ut. Aut ipsam consequuntur illum dolorem perspiciatis illo modi. Et at non libero dolor nesciunt mollitia dolor ipsa. Repellat unde nesciunt sint veritatis.', 1, 0, '2012-02-10 22:43:17');
INSERT INTO `messages` (`id`, `from_user_id`, `to_user_id`, `body`, `is_important`, `is_delivered`, `created_at`) VALUES (59, 15, 47, 'Illum possimus voluptate nemo sunt. Officia itaque tempora ad atque sapiente excepturi eos. Deserunt qui autem numquam possimus earum omnis exercitationem. Delectus aperiam placeat repudiandae necessitatibus et.', 0, 1, '2012-01-12 04:52:21');
INSERT INTO `messages` (`id`, `from_user_id`, `to_user_id`, `body`, `is_important`, `is_delivered`, `created_at`) VALUES (60, 50, 95, 'Dolores exercitationem modi impedit repudiandae. Amet ut fuga ut et. A quos quae voluptas quaerat consequuntur harum ut. Est accusantium voluptates ea repellendus.', 0, 1, '2017-08-23 01:49:59');
INSERT INTO `messages` (`id`, `from_user_id`, `to_user_id`, `body`, `is_important`, `is_delivered`, `created_at`) VALUES (61, 18, 79, 'Et voluptas ipsam qui magnam dolores velit. Autem doloribus id cum id voluptatem nulla quam. Distinctio consequatur quo sint quam incidunt. Perferendis voluptates saepe porro velit nesciunt ut.', 0, 1, '2014-03-29 02:50:46');
INSERT INTO `messages` (`id`, `from_user_id`, `to_user_id`, `body`, `is_important`, `is_delivered`, `created_at`) VALUES (62, 21, 28, 'Voluptas cum enim quisquam veritatis nobis perferendis id laudantium. Nam neque ea consectetur quasi aut. Facere rerum magnam molestiae ad exercitationem nobis quis.', 0, 0, '2015-10-26 06:34:28');
INSERT INTO `messages` (`id`, `from_user_id`, `to_user_id`, `body`, `is_important`, `is_delivered`, `created_at`) VALUES (63, 84, 33, 'Molestias corporis rem blanditiis illum quasi. Aut aspernatur eaque quibusdam id rerum. In nostrum iste et voluptatem.', 1, 1, '2020-03-30 05:07:36');
INSERT INTO `messages` (`id`, `from_user_id`, `to_user_id`, `body`, `is_important`, `is_delivered`, `created_at`) VALUES (64, 70, 53, 'Enim tempora quo ea dolore dolores voluptatibus. Temporibus excepturi voluptas minima dolores. Et nihil aut rerum ullam magni ullam. Nulla dolorem officia suscipit doloribus quam debitis maxime.', 1, 0, '2016-03-19 18:12:55');
INSERT INTO `messages` (`id`, `from_user_id`, `to_user_id`, `body`, `is_important`, `is_delivered`, `created_at`) VALUES (65, 73, 77, 'Neque quae omnis et est aliquam expedita. Excepturi dolores distinctio distinctio ipsum ut. Repudiandae in cum vel aut ipsam.', 0, 1, '2016-05-13 03:24:50');
INSERT INTO `messages` (`id`, `from_user_id`, `to_user_id`, `body`, `is_important`, `is_delivered`, `created_at`) VALUES (66, 71, 100, 'Et sunt est sed aperiam provident quia. Sunt placeat aspernatur corporis assumenda eveniet eos corrupti. Et dicta nihil dolores et esse. Labore omnis tempore asperiores ut distinctio rerum aperiam.', 0, 0, '2020-03-24 14:55:10');
INSERT INTO `messages` (`id`, `from_user_id`, `to_user_id`, `body`, `is_important`, `is_delivered`, `created_at`) VALUES (67, 3, 8, 'Debitis neque temporibus inventore ut. Sequi ad et vitae. Qui earum deserunt sed velit quia numquam. Quia hic voluptates quae sed nam.', 0, 0, '2017-02-06 01:52:28');
INSERT INTO `messages` (`id`, `from_user_id`, `to_user_id`, `body`, `is_important`, `is_delivered`, `created_at`) VALUES (68, 51, 33, 'Eos nihil nulla dolor qui distinctio. Aperiam optio repudiandae totam voluptatum quis cupiditate illum. Consectetur aspernatur in ut quia iusto id.', 1, 0, '2020-08-03 07:42:57');
INSERT INTO `messages` (`id`, `from_user_id`, `to_user_id`, `body`, `is_important`, `is_delivered`, `created_at`) VALUES (69, 40, 97, 'Et debitis dolores sit distinctio consequatur consequatur nobis. Sed omnis soluta ipsa sed recusandae. Quo quo voluptatem beatae inventore.', 0, 0, '2020-06-04 09:46:18');
INSERT INTO `messages` (`id`, `from_user_id`, `to_user_id`, `body`, `is_important`, `is_delivered`, `created_at`) VALUES (70, 36, 3, 'Voluptatum eveniet molestiae et ea et omnis tempore. Doloribus et optio quo deleniti doloribus asperiores. Eligendi dolorem vitae ut reiciendis voluptas voluptatem quidem. Veritatis ut amet sed maxime explicabo illo.', 1, 0, '2013-07-15 01:04:23');
INSERT INTO `messages` (`id`, `from_user_id`, `to_user_id`, `body`, `is_important`, `is_delivered`, `created_at`) VALUES (71, 96, 66, 'Est asperiores sunt at ullam et sint sunt eum. Quaerat veritatis ad sit labore iure laboriosam veniam. Voluptas quis nihil omnis quis sapiente necessitatibus similique.', 1, 0, '2012-11-28 23:25:36');
INSERT INTO `messages` (`id`, `from_user_id`, `to_user_id`, `body`, `is_important`, `is_delivered`, `created_at`) VALUES (72, 79, 40, 'Tempora rem doloremque qui et qui corporis. Nam eveniet cumque impedit inventore. Distinctio vel quis consequatur soluta non ad. Harum dolor ipsa voluptatibus qui est.', 1, 0, '2013-11-09 18:25:10');
INSERT INTO `messages` (`id`, `from_user_id`, `to_user_id`, `body`, `is_important`, `is_delivered`, `created_at`) VALUES (73, 61, 18, 'Qui sint velit numquam libero sed. Voluptas labore illo et aut dicta voluptatem at. Voluptate accusamus ab animi quod in vitae ipsa. Velit quia omnis est in. Voluptatem eos tempore commodi explicabo omnis.', 1, 0, '2018-04-01 17:01:32');
INSERT INTO `messages` (`id`, `from_user_id`, `to_user_id`, `body`, `is_important`, `is_delivered`, `created_at`) VALUES (74, 38, 75, 'Id ad eum sunt est aut delectus atque. Iste est sit ea dignissimos. Pariatur nesciunt amet sequi recusandae voluptas voluptate. Necessitatibus nostrum necessitatibus eos.', 1, 0, '2015-09-08 03:28:34');
INSERT INTO `messages` (`id`, `from_user_id`, `to_user_id`, `body`, `is_important`, `is_delivered`, `created_at`) VALUES (75, 65, 87, 'Voluptas quas sit qui temporibus ipsam. Architecto ducimus quia soluta quos expedita harum. Voluptas ipsam et ad illum exercitationem. Voluptate qui dolorem nam praesentium ducimus sit sed.', 1, 0, '2014-01-05 02:28:41');
INSERT INTO `messages` (`id`, `from_user_id`, `to_user_id`, `body`, `is_important`, `is_delivered`, `created_at`) VALUES (76, 69, 83, 'Minima provident sint sed ipsam est. Qui est sunt labore vel. Dolores voluptas inventore dolorem odit facilis qui. Officia doloremque ipsam officia labore exercitationem quae atque.', 1, 1, '2015-12-08 06:40:28');
INSERT INTO `messages` (`id`, `from_user_id`, `to_user_id`, `body`, `is_important`, `is_delivered`, `created_at`) VALUES (77, 66, 90, 'Voluptas consectetur eum rerum iusto esse iure. Nihil voluptatem quas rerum at temporibus nemo. Sequi blanditiis et optio consequatur omnis.', 1, 1, '2014-05-04 05:41:49');
INSERT INTO `messages` (`id`, `from_user_id`, `to_user_id`, `body`, `is_important`, `is_delivered`, `created_at`) VALUES (78, 10, 49, 'Totam doloremque odit corporis et inventore aut rerum reprehenderit. Repellendus cumque aspernatur optio ea laudantium. Deleniti eos reprehenderit aliquam rerum id. Saepe ea voluptatum eos cupiditate consequatur et dolor.', 1, 0, '2013-10-03 23:16:31');
INSERT INTO `messages` (`id`, `from_user_id`, `to_user_id`, `body`, `is_important`, `is_delivered`, `created_at`) VALUES (79, 22, 80, 'Quis soluta ipsum perspiciatis odio error nemo maiores. Et ullam maiores itaque magnam vero soluta. Et velit consequatur quia sapiente illo molestiae doloribus. Ut quasi tempore accusamus reprehenderit excepturi.', 0, 0, '2014-11-27 09:24:35');
INSERT INTO `messages` (`id`, `from_user_id`, `to_user_id`, `body`, `is_important`, `is_delivered`, `created_at`) VALUES (80, 2, 94, 'Veniam autem iusto magnam. Rerum assumenda non aut quos. Ea perspiciatis iste est vero quia at saepe.', 0, 1, '2019-05-25 14:39:33');
INSERT INTO `messages` (`id`, `from_user_id`, `to_user_id`, `body`, `is_important`, `is_delivered`, `created_at`) VALUES (81, 56, 73, 'Facere vitae est aliquam cupiditate mollitia omnis. Aperiam qui ex exercitationem possimus totam nulla. Sunt omnis ut a beatae.', 0, 1, '2013-12-02 22:09:23');
INSERT INTO `messages` (`id`, `from_user_id`, `to_user_id`, `body`, `is_important`, `is_delivered`, `created_at`) VALUES (82, 94, 58, 'Velit nisi ipsum sint nam delectus sed laborum. Consequatur debitis voluptas voluptate quasi repellendus ea excepturi. Dignissimos occaecati iure et alias est. Qui doloribus mollitia qui recusandae.', 0, 1, '2016-05-07 13:07:28');
INSERT INTO `messages` (`id`, `from_user_id`, `to_user_id`, `body`, `is_important`, `is_delivered`, `created_at`) VALUES (83, 81, 44, 'Et dolores harum voluptates earum quod aut adipisci. A nihil reprehenderit ipsam ea. Laudantium pariatur et possimus veniam.', 0, 1, '2019-07-08 01:36:28');
INSERT INTO `messages` (`id`, `from_user_id`, `to_user_id`, `body`, `is_important`, `is_delivered`, `created_at`) VALUES (84, 91, 21, 'Exercitationem debitis sequi non quibusdam modi ab. Itaque enim vero exercitationem asperiores et maiores. Aut quia aliquam natus eos deleniti deserunt. Quos maiores consequatur id veritatis similique.', 0, 0, '2016-10-10 15:20:57');
INSERT INTO `messages` (`id`, `from_user_id`, `to_user_id`, `body`, `is_important`, `is_delivered`, `created_at`) VALUES (85, 41, 27, 'Aut voluptatum ut quod cupiditate quia. Et doloribus et iste perferendis adipisci consequatur. Ut delectus omnis est aut suscipit nam. Autem deserunt culpa consequatur molestiae in.', 1, 0, '2018-08-17 10:12:36');
INSERT INTO `messages` (`id`, `from_user_id`, `to_user_id`, `body`, `is_important`, `is_delivered`, `created_at`) VALUES (86, 23, 36, 'Aliquid dolor sunt qui asperiores magni placeat aperiam. Aut quia cupiditate tenetur. Consectetur quasi aut consequatur molestiae ratione dolorum cum voluptas.', 1, 0, '2014-01-07 22:02:37');
INSERT INTO `messages` (`id`, `from_user_id`, `to_user_id`, `body`, `is_important`, `is_delivered`, `created_at`) VALUES (87, 92, 1, 'Unde qui corrupti optio perspiciatis. Quisquam distinctio maiores hic cumque itaque et est. Officia necessitatibus quisquam qui accusantium. Debitis numquam animi quisquam tempora et commodi quod eius.', 1, 1, '2019-03-08 18:37:31');
INSERT INTO `messages` (`id`, `from_user_id`, `to_user_id`, `body`, `is_important`, `is_delivered`, `created_at`) VALUES (88, 76, 53, 'Numquam voluptatibus fugiat at quod aperiam velit incidunt. Itaque provident quia magnam. Officia aut ea eveniet excepturi maxime error libero nostrum. Rerum reprehenderit provident consequuntur qui voluptas aliquid autem earum. Distinctio animi dolorem nobis consequatur.', 0, 0, '2014-03-10 08:39:40');
INSERT INTO `messages` (`id`, `from_user_id`, `to_user_id`, `body`, `is_important`, `is_delivered`, `created_at`) VALUES (89, 19, 13, 'Voluptatem dignissimos ut in non fugit eaque expedita. Nihil aut occaecati dicta quam. Odit perferendis eligendi ea et. Fuga nulla est officiis. Velit et nulla maxime ut nihil et ab in.', 1, 0, '2011-05-22 23:40:41');
INSERT INTO `messages` (`id`, `from_user_id`, `to_user_id`, `body`, `is_important`, `is_delivered`, `created_at`) VALUES (90, 27, 83, 'Repudiandae libero veritatis porro et. Est temporibus quia veniam aut tenetur. Occaecati tenetur a eum vel.', 0, 1, '2011-05-17 09:45:48');
INSERT INTO `messages` (`id`, `from_user_id`, `to_user_id`, `body`, `is_important`, `is_delivered`, `created_at`) VALUES (91, 100, 96, 'Qui harum et rerum itaque nihil doloremque placeat quia. Aut consequuntur ipsa quia dolorum doloribus neque. Aperiam iste ullam ea dignissimos dicta ea. Repellendus hic aut voluptatibus dolor.', 0, 0, '2020-01-04 12:05:00');
INSERT INTO `messages` (`id`, `from_user_id`, `to_user_id`, `body`, `is_important`, `is_delivered`, `created_at`) VALUES (92, 65, 65, 'Qui sequi eius eligendi. Eum aut magni accusantium eius eum sed porro. Est architecto quis aut deleniti itaque voluptatum.', 1, 1, '2013-05-09 13:02:49');
INSERT INTO `messages` (`id`, `from_user_id`, `to_user_id`, `body`, `is_important`, `is_delivered`, `created_at`) VALUES (93, 85, 75, 'Quia cumque rerum reprehenderit deleniti perspiciatis voluptas quis voluptatem. Aliquam inventore minima est. Consectetur perferendis voluptate dolor eos quis maiores praesentium. Cumque vero sit cum.', 1, 1, '2017-05-18 18:38:21');
INSERT INTO `messages` (`id`, `from_user_id`, `to_user_id`, `body`, `is_important`, `is_delivered`, `created_at`) VALUES (94, 14, 7, 'Est aspernatur debitis est omnis. Aut blanditiis aliquid culpa assumenda. Quasi corrupti maxime error consequatur omnis. Et earum corporis unde eum velit est.', 1, 0, '2018-02-09 08:26:11');
INSERT INTO `messages` (`id`, `from_user_id`, `to_user_id`, `body`, `is_important`, `is_delivered`, `created_at`) VALUES (95, 54, 16, 'Deleniti explicabo atque quam fugiat odio aut. Qui impedit expedita veritatis. Consequuntur nihil porro fugiat officia.', 0, 1, '2018-01-13 15:37:49');
INSERT INTO `messages` (`id`, `from_user_id`, `to_user_id`, `body`, `is_important`, `is_delivered`, `created_at`) VALUES (96, 1, 10, 'Officiis eos impedit nemo eos tempore. Quia veniam maxime delectus ea doloribus. Cum repellendus ipsum expedita maxime fuga est a. Neque omnis est sed temporibus nostrum sequi eius est. Cum animi sit accusamus tempore dolore iusto ut est.', 0, 0, '2015-03-19 03:51:34');
INSERT INTO `messages` (`id`, `from_user_id`, `to_user_id`, `body`, `is_important`, `is_delivered`, `created_at`) VALUES (97, 88, 94, 'Itaque sequi repellendus alias harum atque ut nostrum. Est ratione veritatis nobis quia. Sed sequi vitae et et.', 0, 0, '2014-08-20 05:09:31');
INSERT INTO `messages` (`id`, `from_user_id`, `to_user_id`, `body`, `is_important`, `is_delivered`, `created_at`) VALUES (98, 68, 68, 'Consectetur et tempore impedit vitae minima accusantium. Voluptatum cupiditate earum rem delectus placeat eos aut. Eum sit recusandae consectetur et dolores animi id.', 1, 0, '2018-01-27 20:22:07');
INSERT INTO `messages` (`id`, `from_user_id`, `to_user_id`, `body`, `is_important`, `is_delivered`, `created_at`) VALUES (99, 37, 58, 'Porro voluptates quidem fugit expedita tenetur perferendis. Et optio enim culpa est deserunt. Alias quaerat quibusdam eum excepturi in.', 0, 0, '2020-04-08 22:28:06');
INSERT INTO `messages` (`id`, `from_user_id`, `to_user_id`, `body`, `is_important`, `is_delivered`, `created_at`) VALUES (100, 89, 78, 'Rem quia expedita quo et. Vel expedita minus voluptatem labore aut nostrum. Ducimus commodi voluptatem esse autem quos. Ab quibusdam eligendi aut perspiciatis aut illum beatae.', 0, 0, '2017-01-30 21:19:38');


#
# TABLE STRUCTURE FOR: profiles
#

DROP TABLE IF EXISTS `profiles`;

CREATE TABLE `profiles` (
  `user_id` int(10) unsigned NOT NULL,
  `gender` char(1) COLLATE utf8mb4_unicode_ci NOT NULL,
  `city` varchar(150) COLLATE utf8mb4_unicode_ci NOT NULL,
  `country` varchar(150) COLLATE utf8mb4_unicode_ci NOT NULL,
  `created_at` datetime DEFAULT current_timestamp(),
  `update_at` datetime DEFAULT current_timestamp() ON UPDATE current_timestamp(),
  PRIMARY KEY (`user_id`)
) ENGINE=InnoDB DEFAULT CHARSET=utf8mb4 COLLATE=utf8mb4_unicode_ci;

INSERT INTO `profiles` (`user_id`, `gender`, `city`, `country`, `created_at`, `update_at`) VALUES (1, 'f', 'West Glenniestad', 'Macedonia', '2012-07-03 02:03:22', '2016-01-29 07:30:30');
INSERT INTO `profiles` (`user_id`, `gender`, `city`, `country`, `created_at`, `update_at`) VALUES (2, 'm', 'Willville', 'Samoa', '2013-02-11 18:24:29', '2014-05-28 20:54:01');
INSERT INTO `profiles` (`user_id`, `gender`, `city`, `country`, `created_at`, `update_at`) VALUES (3, 'm', 'North Sylvan', 'Marshall Islands', '2014-05-14 12:03:21', '2015-10-13 22:21:01');
INSERT INTO `profiles` (`user_id`, `gender`, `city`, `country`, `created_at`, `update_at`) VALUES (4, 'm', 'Deltamouth', 'Honduras', '2013-05-05 07:52:17', '2016-09-06 22:34:04');
INSERT INTO `profiles` (`user_id`, `gender`, `city`, `country`, `created_at`, `update_at`) VALUES (5, 'm', 'North Janessa', 'Saint Vincent and the Grenadines', '2014-06-22 09:16:33', '2012-12-20 20:07:06');
INSERT INTO `profiles` (`user_id`, `gender`, `city`, `country`, `created_at`, `update_at`) VALUES (6, 'f', 'Lindtown', 'Chile', '2014-11-08 09:48:54', '2012-02-02 05:04:15');
INSERT INTO `profiles` (`user_id`, `gender`, `city`, `country`, `created_at`, `update_at`) VALUES (7, 'm', 'Otiliahaven', 'Libyan Arab Jamahiriya', '2020-07-05 09:23:16', '2015-08-03 16:37:44');
INSERT INTO `profiles` (`user_id`, `gender`, `city`, `country`, `created_at`, `update_at`) VALUES (8, 'm', 'Alessandraborough', 'Bangladesh', '2015-05-02 00:30:08', '2019-08-02 04:13:51');
INSERT INTO `profiles` (`user_id`, `gender`, `city`, `country`, `created_at`, `update_at`) VALUES (9, 'm', 'Maciefort', 'Lebanon', '2020-11-05 08:48:48', '2017-12-07 16:45:45');
INSERT INTO `profiles` (`user_id`, `gender`, `city`, `country`, `created_at`, `update_at`) VALUES (10, 'f', 'Lake Abnerport', 'Samoa', '2013-04-02 23:31:16', '2015-02-20 06:12:51');
INSERT INTO `profiles` (`user_id`, `gender`, `city`, `country`, `created_at`, `update_at`) VALUES (11, 'f', 'Port Ebba', 'Luxembourg', '2016-05-29 03:57:10', '2013-10-15 20:55:13');
INSERT INTO `profiles` (`user_id`, `gender`, `city`, `country`, `created_at`, `update_at`) VALUES (12, 'm', 'Waelchibury', 'Trinidad and Tobago', '2014-07-07 07:13:09', '2013-04-19 10:34:26');
INSERT INTO `profiles` (`user_id`, `gender`, `city`, `country`, `created_at`, `update_at`) VALUES (13, 'f', 'New Henriette', 'Chile', '2013-09-15 02:53:32', '2019-04-20 07:11:53');
INSERT INTO `profiles` (`user_id`, `gender`, `city`, `country`, `created_at`, `update_at`) VALUES (14, 'f', 'East Rey', 'Samoa', '2015-01-28 19:38:12', '2012-09-29 22:27:44');
INSERT INTO `profiles` (`user_id`, `gender`, `city`, `country`, `created_at`, `update_at`) VALUES (15, 'm', 'Schuppeburgh', 'Mexico', '2016-02-17 23:30:13', '2013-10-13 14:42:11');
INSERT INTO `profiles` (`user_id`, `gender`, `city`, `country`, `created_at`, `update_at`) VALUES (16, 'f', 'Devanport', 'Burundi', '2019-03-29 07:46:50', '2019-12-06 12:34:17');
INSERT INTO `profiles` (`user_id`, `gender`, `city`, `country`, `created_at`, `update_at`) VALUES (17, 'm', 'West Rubye', 'Sao Tome and Principe', '2017-03-16 11:34:55', '2013-11-21 10:06:41');
INSERT INTO `profiles` (`user_id`, `gender`, `city`, `country`, `created_at`, `update_at`) VALUES (18, 'm', 'Rupertberg', 'Martinique', '2013-04-22 05:31:34', '2013-03-20 15:33:08');
INSERT INTO `profiles` (`user_id`, `gender`, `city`, `country`, `created_at`, `update_at`) VALUES (19, 'f', 'Lake Malika', 'Oman', '2013-07-05 18:52:19', '2012-01-15 23:42:05');
INSERT INTO `profiles` (`user_id`, `gender`, `city`, `country`, `created_at`, `update_at`) VALUES (20, 'f', 'North Jackeline', 'Tajikistan', '2017-05-10 04:31:59', '2015-10-15 22:42:42');
INSERT INTO `profiles` (`user_id`, `gender`, `city`, `country`, `created_at`, `update_at`) VALUES (21, 'f', 'Wittingmouth', 'Zambia', '2011-07-29 04:20:23', '2011-09-24 06:49:51');
INSERT INTO `profiles` (`user_id`, `gender`, `city`, `country`, `created_at`, `update_at`) VALUES (22, 'f', 'Gusikowskiton', 'Dominica', '2021-04-01 17:55:34', '2020-10-05 22:35:17');
INSERT INTO `profiles` (`user_id`, `gender`, `city`, `country`, `created_at`, `update_at`) VALUES (23, 'f', 'Stoltenbergfurt', 'Solomon Islands', '2014-08-14 19:00:09', '2019-09-07 01:11:33');
INSERT INTO `profiles` (`user_id`, `gender`, `city`, `country`, `created_at`, `update_at`) VALUES (24, 'm', 'Marlenchester', 'Philippines', '2015-10-28 21:29:28', '2020-12-25 22:39:10');
INSERT INTO `profiles` (`user_id`, `gender`, `city`, `country`, `created_at`, `update_at`) VALUES (25, 'f', 'Lake Angelport', 'Brunei Darussalam', '2020-02-16 22:47:15', '2014-12-23 17:58:34');
INSERT INTO `profiles` (`user_id`, `gender`, `city`, `country`, `created_at`, `update_at`) VALUES (26, 'f', 'Port Rory', 'Hong Kong', '2012-06-11 19:22:37', '2011-06-24 22:37:10');
INSERT INTO `profiles` (`user_id`, `gender`, `city`, `country`, `created_at`, `update_at`) VALUES (27, 'm', 'Flaviemouth', 'Turkmenistan', '2019-07-02 09:38:43', '2021-02-18 16:14:35');
INSERT INTO `profiles` (`user_id`, `gender`, `city`, `country`, `created_at`, `update_at`) VALUES (28, 'm', 'Spencerberg', 'Spain', '2017-11-26 04:21:35', '2015-10-06 07:32:19');
INSERT INTO `profiles` (`user_id`, `gender`, `city`, `country`, `created_at`, `update_at`) VALUES (29, 'f', 'East Yesenia', 'Antigua and Barbuda', '2015-12-19 20:43:23', '2013-08-16 18:08:12');
INSERT INTO `profiles` (`user_id`, `gender`, `city`, `country`, `created_at`, `update_at`) VALUES (30, 'm', 'North Annamarie', 'Italy', '2011-10-26 10:33:28', '2019-06-22 12:14:41');
INSERT INTO `profiles` (`user_id`, `gender`, `city`, `country`, `created_at`, `update_at`) VALUES (31, 'm', 'Kaylinfurt', 'Egypt', '2012-05-24 09:40:47', '2012-02-14 16:56:07');
INSERT INTO `profiles` (`user_id`, `gender`, `city`, `country`, `created_at`, `update_at`) VALUES (32, 'f', 'East Kayastad', 'Mayotte', '2016-01-17 02:13:06', '2013-06-01 15:20:16');
INSERT INTO `profiles` (`user_id`, `gender`, `city`, `country`, `created_at`, `update_at`) VALUES (33, 'm', 'Dolorestown', 'Mali', '2019-08-10 02:33:33', '2014-07-16 09:51:09');
INSERT INTO `profiles` (`user_id`, `gender`, `city`, `country`, `created_at`, `update_at`) VALUES (34, 'f', 'Abshireburgh', 'Mali', '2020-07-07 20:13:13', '2015-09-08 14:41:12');
INSERT INTO `profiles` (`user_id`, `gender`, `city`, `country`, `created_at`, `update_at`) VALUES (35, 'm', 'Dejonton', 'Indonesia', '2013-03-25 15:03:42', '2018-11-25 18:14:44');
INSERT INTO `profiles` (`user_id`, `gender`, `city`, `country`, `created_at`, `update_at`) VALUES (36, 'm', 'South Altaborough', 'Saudi Arabia', '2014-03-06 13:11:16', '2019-09-04 22:47:53');
INSERT INTO `profiles` (`user_id`, `gender`, `city`, `country`, `created_at`, `update_at`) VALUES (37, 'm', 'Port Cheyenne', 'Norway', '2012-11-09 03:31:10', '2017-01-15 21:51:25');
INSERT INTO `profiles` (`user_id`, `gender`, `city`, `country`, `created_at`, `update_at`) VALUES (38, 'f', 'Schuppeside', 'Saint Lucia', '2015-09-04 02:35:25', '2018-01-29 07:06:46');
INSERT INTO `profiles` (`user_id`, `gender`, `city`, `country`, `created_at`, `update_at`) VALUES (39, 'f', 'New Candace', 'Brazil', '2013-11-03 12:57:20', '2017-01-26 01:35:43');
INSERT INTO `profiles` (`user_id`, `gender`, `city`, `country`, `created_at`, `update_at`) VALUES (40, 'f', 'Keshawnburgh', 'Greece', '2012-08-07 22:42:06', '2012-02-20 06:22:45');
INSERT INTO `profiles` (`user_id`, `gender`, `city`, `country`, `created_at`, `update_at`) VALUES (41, 'f', 'Veumhaven', 'Bolivia', '2017-05-02 23:46:35', '2016-12-29 20:38:58');
INSERT INTO `profiles` (`user_id`, `gender`, `city`, `country`, `created_at`, `update_at`) VALUES (42, 'm', 'East Rossiechester', 'Chile', '2015-08-27 18:49:32', '2018-07-17 17:54:11');
INSERT INTO `profiles` (`user_id`, `gender`, `city`, `country`, `created_at`, `update_at`) VALUES (43, 'm', 'Zemlakburgh', 'British Virgin Islands', '2012-04-24 11:47:50', '2014-11-17 06:29:39');
INSERT INTO `profiles` (`user_id`, `gender`, `city`, `country`, `created_at`, `update_at`) VALUES (44, 'm', 'East Dariana', 'Reunion', '2012-11-16 14:31:55', '2018-05-11 11:02:24');
INSERT INTO `profiles` (`user_id`, `gender`, `city`, `country`, `created_at`, `update_at`) VALUES (45, 'm', 'Lake Alanchester', 'Hong Kong', '2017-10-09 00:20:15', '2012-04-15 00:45:25');
INSERT INTO `profiles` (`user_id`, `gender`, `city`, `country`, `created_at`, `update_at`) VALUES (46, 'm', 'Armandotown', 'Germany', '2013-03-30 11:40:59', '2016-02-22 00:38:46');
INSERT INTO `profiles` (`user_id`, `gender`, `city`, `country`, `created_at`, `update_at`) VALUES (47, 'f', 'North Kristy', 'Hong Kong', '2014-07-20 13:55:50', '2014-08-22 18:58:15');
INSERT INTO `profiles` (`user_id`, `gender`, `city`, `country`, `created_at`, `update_at`) VALUES (48, 'f', 'North Micaelashire', 'Ecuador', '2013-02-07 00:10:38', '2011-09-11 01:37:37');
INSERT INTO `profiles` (`user_id`, `gender`, `city`, `country`, `created_at`, `update_at`) VALUES (49, 'm', 'Tyreeborough', 'Rwanda', '2017-08-01 02:14:53', '2015-07-26 10:02:16');
INSERT INTO `profiles` (`user_id`, `gender`, `city`, `country`, `created_at`, `update_at`) VALUES (50, 'f', 'East Gordon', 'Turkmenistan', '2016-02-02 02:44:33', '2011-09-01 04:12:01');
INSERT INTO `profiles` (`user_id`, `gender`, `city`, `country`, `created_at`, `update_at`) VALUES (51, 'f', 'Cristtown', 'Liechtenstein', '2012-12-09 00:44:08', '2013-11-26 19:59:50');
INSERT INTO `profiles` (`user_id`, `gender`, `city`, `country`, `created_at`, `update_at`) VALUES (52, 'm', 'South Myrtle', 'Marshall Islands', '2011-10-18 03:25:16', '2016-11-13 12:46:08');
INSERT INTO `profiles` (`user_id`, `gender`, `city`, `country`, `created_at`, `update_at`) VALUES (53, 'f', 'Faeburgh', 'Egypt', '2019-08-11 10:38:41', '2016-12-16 13:44:38');
INSERT INTO `profiles` (`user_id`, `gender`, `city`, `country`, `created_at`, `update_at`) VALUES (54, 'm', 'East Juliet', 'El Salvador', '2015-10-10 17:24:30', '2015-01-30 06:26:58');
INSERT INTO `profiles` (`user_id`, `gender`, `city`, `country`, `created_at`, `update_at`) VALUES (55, 'f', 'North Zackary', 'Christmas Island', '2018-05-28 22:01:59', '2015-07-30 11:45:01');
INSERT INTO `profiles` (`user_id`, `gender`, `city`, `country`, `created_at`, `update_at`) VALUES (56, 'f', 'Feilberg', 'Andorra', '2017-10-23 15:54:18', '2017-07-09 18:32:19');
INSERT INTO `profiles` (`user_id`, `gender`, `city`, `country`, `created_at`, `update_at`) VALUES (57, 'm', 'New Laurianeborough', 'Angola', '2020-01-03 07:57:20', '2015-07-08 09:38:29');
INSERT INTO `profiles` (`user_id`, `gender`, `city`, `country`, `created_at`, `update_at`) VALUES (58, 'f', 'East Joeyville', 'Jersey', '2017-03-16 23:23:32', '2015-03-09 15:59:59');
INSERT INTO `profiles` (`user_id`, `gender`, `city`, `country`, `created_at`, `update_at`) VALUES (59, 'f', 'Lake Gregoriaside', 'Georgia', '2020-06-10 20:29:53', '2017-01-07 19:32:10');
INSERT INTO `profiles` (`user_id`, `gender`, `city`, `country`, `created_at`, `update_at`) VALUES (60, 'f', 'Mayraside', 'Papua New Guinea', '2014-02-19 14:58:02', '2012-04-06 22:17:25');
INSERT INTO `profiles` (`user_id`, `gender`, `city`, `country`, `created_at`, `update_at`) VALUES (61, 'f', 'Kadenside', 'Swaziland', '2016-02-04 21:53:14', '2013-04-20 16:20:48');
INSERT INTO `profiles` (`user_id`, `gender`, `city`, `country`, `created_at`, `update_at`) VALUES (62, 'f', 'Port Carley', 'Northern Mariana Islands', '2019-05-12 19:29:46', '2013-07-15 22:45:46');
INSERT INTO `profiles` (`user_id`, `gender`, `city`, `country`, `created_at`, `update_at`) VALUES (63, 'm', 'Nicolasview', 'Faroe Islands', '2016-04-29 02:20:49', '2020-02-04 18:36:05');
INSERT INTO `profiles` (`user_id`, `gender`, `city`, `country`, `created_at`, `update_at`) VALUES (64, 'f', 'Port Emelyberg', 'Guinea', '2018-07-13 21:28:42', '2016-02-01 02:17:48');
INSERT INTO `profiles` (`user_id`, `gender`, `city`, `country`, `created_at`, `update_at`) VALUES (65, 'm', 'West Pansy', 'Cape Verde', '2018-03-24 17:40:22', '2020-01-11 20:30:36');
INSERT INTO `profiles` (`user_id`, `gender`, `city`, `country`, `created_at`, `update_at`) VALUES (66, 'f', 'Hacketthaven', 'Faroe Islands', '2015-02-17 01:21:17', '2016-09-05 00:39:59');
INSERT INTO `profiles` (`user_id`, `gender`, `city`, `country`, `created_at`, `update_at`) VALUES (67, 'm', 'East Deborahport', 'El Salvador', '2019-02-16 22:07:09', '2011-05-08 21:19:13');
INSERT INTO `profiles` (`user_id`, `gender`, `city`, `country`, `created_at`, `update_at`) VALUES (68, 'f', 'Lake Peterside', 'Burundi', '2016-07-04 15:11:16', '2014-08-02 15:29:13');
INSERT INTO `profiles` (`user_id`, `gender`, `city`, `country`, `created_at`, `update_at`) VALUES (69, 'm', 'Port Aaliyah', 'Slovakia (Slovak Republic)', '2015-11-02 21:35:22', '2012-05-03 22:12:39');
INSERT INTO `profiles` (`user_id`, `gender`, `city`, `country`, `created_at`, `update_at`) VALUES (70, 'f', 'South Seanland', 'Liberia', '2016-07-31 01:22:17', '2018-05-25 22:51:56');
INSERT INTO `profiles` (`user_id`, `gender`, `city`, `country`, `created_at`, `update_at`) VALUES (71, 'f', 'Spencerhaven', 'Jersey', '2012-08-13 01:30:14', '2015-01-16 12:50:34');
INSERT INTO `profiles` (`user_id`, `gender`, `city`, `country`, `created_at`, `update_at`) VALUES (72, 'f', 'West Susanna', 'Guam', '2015-04-19 01:34:14', '2015-05-04 12:36:30');
INSERT INTO `profiles` (`user_id`, `gender`, `city`, `country`, `created_at`, `update_at`) VALUES (73, 'f', 'Johnsmouth', 'Dominican Republic', '2012-02-25 18:05:39', '2019-01-31 21:46:14');
INSERT INTO `profiles` (`user_id`, `gender`, `city`, `country`, `created_at`, `update_at`) VALUES (74, 'f', 'West Randal', 'Svalbard & Jan Mayen Islands', '2019-09-18 03:06:25', '2012-08-13 00:55:11');
INSERT INTO `profiles` (`user_id`, `gender`, `city`, `country`, `created_at`, `update_at`) VALUES (75, 'm', 'Ziemeview', 'Mauritania', '2021-05-01 07:33:14', '2018-01-13 01:15:41');
INSERT INTO `profiles` (`user_id`, `gender`, `city`, `country`, `created_at`, `update_at`) VALUES (76, 'm', 'East Maida', 'Vanuatu', '2017-06-04 01:50:00', '2018-08-06 11:42:26');
INSERT INTO `profiles` (`user_id`, `gender`, `city`, `country`, `created_at`, `update_at`) VALUES (77, 'm', 'South Dorris', 'Iceland', '2014-08-11 00:23:43', '2016-06-13 03:49:24');
INSERT INTO `profiles` (`user_id`, `gender`, `city`, `country`, `created_at`, `update_at`) VALUES (78, 'f', 'Vincechester', 'American Samoa', '2019-12-16 15:48:49', '2015-04-05 15:33:20');
INSERT INTO `profiles` (`user_id`, `gender`, `city`, `country`, `created_at`, `update_at`) VALUES (79, 'f', 'Lake Lesterland', 'Cape Verde', '2016-02-07 23:29:33', '2014-05-13 11:26:07');
INSERT INTO `profiles` (`user_id`, `gender`, `city`, `country`, `created_at`, `update_at`) VALUES (80, 'm', 'Beatriceview', 'Iran', '2020-10-16 01:27:37', '2013-01-02 04:46:15');
INSERT INTO `profiles` (`user_id`, `gender`, `city`, `country`, `created_at`, `update_at`) VALUES (81, 'f', 'Port Jevon', 'Gambia', '2013-11-11 12:43:38', '2012-06-07 00:14:32');
INSERT INTO `profiles` (`user_id`, `gender`, `city`, `country`, `created_at`, `update_at`) VALUES (82, 'f', 'Kutchborough', 'Grenada', '2019-09-19 22:43:53', '2014-02-11 04:32:11');
INSERT INTO `profiles` (`user_id`, `gender`, `city`, `country`, `created_at`, `update_at`) VALUES (83, 'm', 'Rippinmouth', 'Cyprus', '2016-03-02 01:29:15', '2018-02-21 04:38:24');
INSERT INTO `profiles` (`user_id`, `gender`, `city`, `country`, `created_at`, `update_at`) VALUES (84, 'm', 'New Adrienbury', 'Central African Republic', '2017-09-27 21:15:26', '2016-07-26 17:23:29');
INSERT INTO `profiles` (`user_id`, `gender`, `city`, `country`, `created_at`, `update_at`) VALUES (85, 'm', 'South Rosina', 'Lao People\'s Democratic Republic', '2016-11-30 17:37:15', '2015-07-04 18:00:01');
INSERT INTO `profiles` (`user_id`, `gender`, `city`, `country`, `created_at`, `update_at`) VALUES (86, 'f', 'East Margarita', 'Burkina Faso', '2016-07-25 01:10:34', '2020-07-24 13:40:17');
INSERT INTO `profiles` (`user_id`, `gender`, `city`, `country`, `created_at`, `update_at`) VALUES (87, 'f', 'Gottliebfurt', 'Netherlands', '2014-09-15 10:40:20', '2017-06-11 18:45:01');
INSERT INTO `profiles` (`user_id`, `gender`, `city`, `country`, `created_at`, `update_at`) VALUES (88, 'f', 'Marshallberg', 'Vietnam', '2012-06-30 20:33:50', '2015-09-19 15:04:04');
INSERT INTO `profiles` (`user_id`, `gender`, `city`, `country`, `created_at`, `update_at`) VALUES (89, 'm', 'West Marielle', 'Reunion', '2020-07-07 22:35:29', '2018-09-22 02:23:18');
INSERT INTO `profiles` (`user_id`, `gender`, `city`, `country`, `created_at`, `update_at`) VALUES (90, 'm', 'South Schuylermouth', 'Thailand', '2018-08-08 21:12:47', '2012-03-15 02:29:20');
INSERT INTO `profiles` (`user_id`, `gender`, `city`, `country`, `created_at`, `update_at`) VALUES (91, 'm', 'Port Deion', 'Azerbaijan', '2016-06-02 17:56:30', '2011-09-02 08:44:53');
INSERT INTO `profiles` (`user_id`, `gender`, `city`, `country`, `created_at`, `update_at`) VALUES (92, 'f', 'Lake Jonathan', 'Japan', '2020-11-05 12:47:39', '2019-12-22 19:03:24');
INSERT INTO `profiles` (`user_id`, `gender`, `city`, `country`, `created_at`, `update_at`) VALUES (93, 'f', 'Kariburgh', 'Holy See (Vatican City State)', '2014-12-11 17:31:36', '2013-08-22 23:29:53');
INSERT INTO `profiles` (`user_id`, `gender`, `city`, `country`, `created_at`, `update_at`) VALUES (94, 'm', 'New Ayana', 'Ethiopia', '2014-07-04 02:01:45', '2013-10-06 22:45:10');
INSERT INTO `profiles` (`user_id`, `gender`, `city`, `country`, `created_at`, `update_at`) VALUES (95, 'f', 'Leuschkemouth', 'Saint Helena', '2012-04-12 18:39:39', '2017-12-15 09:35:02');
INSERT INTO `profiles` (`user_id`, `gender`, `city`, `country`, `created_at`, `update_at`) VALUES (96, 'f', 'Lanceport', 'Austria', '2018-06-19 12:13:39', '2018-06-17 10:07:21');
INSERT INTO `profiles` (`user_id`, `gender`, `city`, `country`, `created_at`, `update_at`) VALUES (97, 'm', 'Lake Babytown', 'Slovenia', '2020-06-16 03:47:14', '2012-07-21 19:21:14');
INSERT INTO `profiles` (`user_id`, `gender`, `city`, `country`, `created_at`, `update_at`) VALUES (98, 'm', 'North Greyson', 'Monaco', '2017-05-30 00:28:50', '2019-08-06 06:19:12');
INSERT INTO `profiles` (`user_id`, `gender`, `city`, `country`, `created_at`, `update_at`) VALUES (99, 'm', 'Johnnytown', 'Greece', '2020-03-15 14:23:02', '2014-03-16 18:55:49');
INSERT INTO `profiles` (`user_id`, `gender`, `city`, `country`, `created_at`, `update_at`) VALUES (100, 'm', 'Rileyfort', 'British Virgin Islands', '2021-03-26 21:53:30', '2013-09-10 18:26:32');


#
# TABLE STRUCTURE FOR: users
#

DROP TABLE IF EXISTS `users`;

CREATE TABLE `users` (
  `id` int(10) unsigned NOT NULL AUTO_INCREMENT,
  `first_name` varchar(150) COLLATE utf8mb4_unicode_ci NOT NULL,
  `last_name` varchar(150) COLLATE utf8mb4_unicode_ci NOT NULL,
  `email` varchar(150) COLLATE utf8mb4_unicode_ci NOT NULL,
  `phone` varchar(30) COLLATE utf8mb4_unicode_ci NOT NULL,
  `created_at` datetime DEFAULT current_timestamp(),
  `update_at` datetime DEFAULT current_timestamp() ON UPDATE current_timestamp(),
  PRIMARY KEY (`id`),
  UNIQUE KEY `email` (`email`),
  UNIQUE KEY `phone` (`phone`)
) ENGINE=InnoDB AUTO_INCREMENT=101 DEFAULT CHARSET=utf8mb4 COLLATE=utf8mb4_unicode_ci;

INSERT INTO `users` (`id`, `first_name`, `last_name`, `email`, `phone`, `created_at`, `update_at`) VALUES (1, 'Gregoria', 'Mann', 'mbatz@example.net', '(477)512-2587x93224', '2013-07-08 06:23:53', '2012-12-28 11:33:59');
INSERT INTO `users` (`id`, `first_name`, `last_name`, `email`, `phone`, `created_at`, `update_at`) VALUES (2, 'Larissa', 'Brakus', 'brakus.mateo@example.org', '04692750073', '2012-07-26 17:08:15', '2015-09-30 00:39:05');
INSERT INTO `users` (`id`, `first_name`, `last_name`, `email`, `phone`, `created_at`, `update_at`) VALUES (3, 'Noble', 'Bogisich', 'natalia.bins@example.net', '853.330.0751', '2011-10-20 10:01:44', '2019-03-11 19:14:40');
INSERT INTO `users` (`id`, `first_name`, `last_name`, `email`, `phone`, `created_at`, `update_at`) VALUES (4, 'Ozella', 'Mosciski', 'desiree65@example.org', '578.448.9873x408', '2014-01-24 10:03:43', '2012-05-31 19:41:55');
INSERT INTO `users` (`id`, `first_name`, `last_name`, `email`, `phone`, `created_at`, `update_at`) VALUES (5, 'Westley', 'Becker', 'fritsch.kirsten@example.com', '501.546.0476x65947', '2020-01-21 22:36:48', '2016-09-14 06:22:06');
INSERT INTO `users` (`id`, `first_name`, `last_name`, `email`, `phone`, `created_at`, `update_at`) VALUES (6, 'Howell', 'Fisher', 'khalil61@example.net', '130-252-2977', '2013-09-12 21:46:03', '2016-11-01 08:04:19');
INSERT INTO `users` (`id`, `first_name`, `last_name`, `email`, `phone`, `created_at`, `update_at`) VALUES (7, 'Shanon', 'Huels', 'mcdermott.jalyn@example.com', '01092593779', '2014-01-26 00:02:58', '2015-07-08 06:10:51');
INSERT INTO `users` (`id`, `first_name`, `last_name`, `email`, `phone`, `created_at`, `update_at`) VALUES (8, 'Marcia', 'Fadel', 'pcole@example.com', '00847714532', '2016-03-13 03:26:29', '2011-08-14 05:51:30');
INSERT INTO `users` (`id`, `first_name`, `last_name`, `email`, `phone`, `created_at`, `update_at`) VALUES (9, 'Isabella', 'Shanahan', 'wmurazik@example.org', '1-072-312-5361x4595', '2016-01-12 06:35:04', '2013-11-13 08:32:47');
INSERT INTO `users` (`id`, `first_name`, `last_name`, `email`, `phone`, `created_at`, `update_at`) VALUES (10, 'Muhammad', 'McGlynn', 'jrowe@example.com', '1-767-208-9247', '2014-10-06 14:45:55', '2021-02-13 02:44:48');
INSERT INTO `users` (`id`, `first_name`, `last_name`, `email`, `phone`, `created_at`, `update_at`) VALUES (11, 'Lloyd', 'Cremin', 'giovanny.renner@example.org', '405-274-4623', '2011-11-25 15:28:03', '2017-08-29 10:31:00');
INSERT INTO `users` (`id`, `first_name`, `last_name`, `email`, `phone`, `created_at`, `update_at`) VALUES (12, 'Christophe', 'Bins', 'aletha06@example.com', '04950958462', '2017-03-29 00:48:26', '2012-07-27 22:43:37');
INSERT INTO `users` (`id`, `first_name`, `last_name`, `email`, `phone`, `created_at`, `update_at`) VALUES (13, 'Mae', 'Hettinger', 'brayan.raynor@example.org', '1-065-610-4039x603', '2017-08-02 01:06:07', '2016-12-20 18:28:09');
INSERT INTO `users` (`id`, `first_name`, `last_name`, `email`, `phone`, `created_at`, `update_at`) VALUES (14, 'Adalberto', 'Willms', 'stehr.zack@example.com', '764-795-6086x98333', '2017-09-26 08:14:51', '2013-06-25 19:10:56');
INSERT INTO `users` (`id`, `first_name`, `last_name`, `email`, `phone`, `created_at`, `update_at`) VALUES (15, 'Rico', 'Mertz', 'yhaley@example.org', '648-166-4509', '2011-08-19 19:02:20', '2015-06-11 00:27:36');
INSERT INTO `users` (`id`, `first_name`, `last_name`, `email`, `phone`, `created_at`, `update_at`) VALUES (16, 'Gregory', 'Rosenbaum', 'stehr.dario@example.com', '058.581.2525x17782', '2012-10-20 14:43:59', '2021-03-02 08:45:41');
INSERT INTO `users` (`id`, `first_name`, `last_name`, `email`, `phone`, `created_at`, `update_at`) VALUES (17, 'Hilda', 'Ruecker', 'clemmie.mueller@example.net', '995.045.3014x186', '2017-08-06 12:01:29', '2015-01-01 13:27:33');
INSERT INTO `users` (`id`, `first_name`, `last_name`, `email`, `phone`, `created_at`, `update_at`) VALUES (18, 'Irma', 'Watsica', 'whermiston@example.com', '1-631-456-6097', '2017-12-08 07:24:29', '2018-12-02 22:35:46');
INSERT INTO `users` (`id`, `first_name`, `last_name`, `email`, `phone`, `created_at`, `update_at`) VALUES (19, 'Immanuel', 'Hermiston', 'sabrina23@example.net', '+44(9)3840793955', '2013-11-05 16:53:05', '2019-04-28 19:56:03');
INSERT INTO `users` (`id`, `first_name`, `last_name`, `email`, `phone`, `created_at`, `update_at`) VALUES (20, 'Frederic', 'Renner', 'angelica71@example.net', '+31(1)6381432666', '2017-10-30 13:19:48', '2015-05-17 19:18:10');
INSERT INTO `users` (`id`, `first_name`, `last_name`, `email`, `phone`, `created_at`, `update_at`) VALUES (21, 'Gay', 'Cummerata', 'will.rey@example.net', '223-035-9209', '2014-04-25 14:27:20', '2018-11-25 07:04:40');
INSERT INTO `users` (`id`, `first_name`, `last_name`, `email`, `phone`, `created_at`, `update_at`) VALUES (22, 'Donnell', 'Ryan', 'considine.mariela@example.org', '862.532.1625x25060', '2020-02-19 19:05:52', '2012-10-18 05:18:12');
INSERT INTO `users` (`id`, `first_name`, `last_name`, `email`, `phone`, `created_at`, `update_at`) VALUES (23, 'Clotilde', 'Greenholt', 'sedrick35@example.com', '1-575-263-3318', '2020-08-07 18:21:12', '2017-11-13 05:21:53');
INSERT INTO `users` (`id`, `first_name`, `last_name`, `email`, `phone`, `created_at`, `update_at`) VALUES (24, 'Suzanne', 'Rempel', 'runolfsdottir.loy@example.net', '1-695-068-8392', '2018-12-06 16:40:45', '2021-03-14 21:01:06');
INSERT INTO `users` (`id`, `first_name`, `last_name`, `email`, `phone`, `created_at`, `update_at`) VALUES (25, 'Pamela', 'Gleason', 'rosina72@example.net', '039.640.8061x203', '2016-09-17 16:46:39', '2018-09-10 12:21:32');
INSERT INTO `users` (`id`, `first_name`, `last_name`, `email`, `phone`, `created_at`, `update_at`) VALUES (26, 'Louvenia', 'Gaylord', 'zulauf.kip@example.net', '1-186-130-4553x581', '2018-10-15 02:12:04', '2014-07-04 16:09:12');
INSERT INTO `users` (`id`, `first_name`, `last_name`, `email`, `phone`, `created_at`, `update_at`) VALUES (27, 'Delaney', 'Crooks', 'crystal.douglas@example.com', '335.132.6197', '2013-03-15 19:02:38', '2017-02-15 06:30:13');
INSERT INTO `users` (`id`, `first_name`, `last_name`, `email`, `phone`, `created_at`, `update_at`) VALUES (28, 'Michele', 'Schulist', 'shanna.o\'keefe@example.com', '(516)537-7175', '2013-03-21 03:39:06', '2021-03-25 12:24:41');
INSERT INTO `users` (`id`, `first_name`, `last_name`, `email`, `phone`, `created_at`, `update_at`) VALUES (29, 'Miller', 'Hudson', 'eden97@example.net', '(721)386-5403x584', '2018-04-10 03:01:35', '2013-02-18 19:49:07');
INSERT INTO `users` (`id`, `first_name`, `last_name`, `email`, `phone`, `created_at`, `update_at`) VALUES (30, 'Ciara', 'Johnson', 'loyce67@example.com', '+05(3)2057360587', '2019-10-09 18:39:57', '2012-08-19 20:21:48');
INSERT INTO `users` (`id`, `first_name`, `last_name`, `email`, `phone`, `created_at`, `update_at`) VALUES (31, 'Ted', 'Eichmann', 'pwintheiser@example.com', '(913)016-9419x311', '2020-06-01 14:05:25', '2012-04-06 16:18:07');
INSERT INTO `users` (`id`, `first_name`, `last_name`, `email`, `phone`, `created_at`, `update_at`) VALUES (32, 'Jeffry', 'Swift', 'martine34@example.com', '1-727-273-9348x2281', '2014-09-20 22:44:55', '2015-04-28 11:45:08');
INSERT INTO `users` (`id`, `first_name`, `last_name`, `email`, `phone`, `created_at`, `update_at`) VALUES (33, 'Wendell', 'Witting', 'mraz.layla@example.net', '525-022-7169x1971', '2013-05-26 10:52:42', '2013-03-12 19:31:34');
INSERT INTO `users` (`id`, `first_name`, `last_name`, `email`, `phone`, `created_at`, `update_at`) VALUES (34, 'Myrtle', 'Prosacco', 'heathcote.kasandra@example.com', '153-269-8828', '2016-12-02 11:52:03', '2016-08-30 17:38:01');
INSERT INTO `users` (`id`, `first_name`, `last_name`, `email`, `phone`, `created_at`, `update_at`) VALUES (35, 'Cali', 'Lindgren', 'lenore.schulist@example.net', '908.888.9888x34626', '2013-08-04 00:18:10', '2012-10-11 05:52:44');
INSERT INTO `users` (`id`, `first_name`, `last_name`, `email`, `phone`, `created_at`, `update_at`) VALUES (36, 'Hortense', 'Weissnat', 'fay57@example.net', '936-700-2140', '2020-09-26 19:34:11', '2014-06-03 03:55:29');
INSERT INTO `users` (`id`, `first_name`, `last_name`, `email`, `phone`, `created_at`, `update_at`) VALUES (37, 'Margaret', 'Hane', 'ocruickshank@example.org', '(683)528-7764', '2013-05-27 11:11:52', '2020-08-25 21:13:44');
INSERT INTO `users` (`id`, `first_name`, `last_name`, `email`, `phone`, `created_at`, `update_at`) VALUES (38, 'Sam', 'O\'Reilly', 'trevion.turcotte@example.com', '(336)990-4129x9409', '2015-10-14 21:50:53', '2016-02-03 12:37:33');
INSERT INTO `users` (`id`, `first_name`, `last_name`, `email`, `phone`, `created_at`, `update_at`) VALUES (39, 'Merle', 'Brekke', 'frank50@example.com', '04193369650', '2012-08-29 03:05:49', '2013-03-25 22:18:10');
INSERT INTO `users` (`id`, `first_name`, `last_name`, `email`, `phone`, `created_at`, `update_at`) VALUES (40, 'Lilly', 'Becker', 'halvorson.jeramie@example.com', '1-607-322-5879x638', '2014-03-24 12:08:36', '2021-03-29 23:08:40');
INSERT INTO `users` (`id`, `first_name`, `last_name`, `email`, `phone`, `created_at`, `update_at`) VALUES (41, 'Margaretta', 'Schuppe', 'murphy.terrence@example.net', '803.238.7692', '2014-06-08 18:18:28', '2011-08-28 16:16:39');
INSERT INTO `users` (`id`, `first_name`, `last_name`, `email`, `phone`, `created_at`, `update_at`) VALUES (42, 'Genoveva', 'O\'Keefe', 'edwardo.jast@example.com', '759.429.1685', '2013-10-01 04:23:53', '2013-07-29 21:51:08');
INSERT INTO `users` (`id`, `first_name`, `last_name`, `email`, `phone`, `created_at`, `update_at`) VALUES (43, 'Etha', 'Wintheiser', 'reynold68@example.com', '1-897-500-1320', '2015-06-19 11:19:05', '2012-04-03 09:40:51');
INSERT INTO `users` (`id`, `first_name`, `last_name`, `email`, `phone`, `created_at`, `update_at`) VALUES (44, 'Deshawn', 'Willms', 'eruecker@example.net', '(564)390-1136', '2012-02-11 21:59:29', '2018-10-10 13:21:06');
INSERT INTO `users` (`id`, `first_name`, `last_name`, `email`, `phone`, `created_at`, `update_at`) VALUES (45, 'Humberto', 'Kris', 'tommie09@example.com', '+29(8)2114912122', '2013-11-22 03:44:08', '2021-03-02 07:19:06');
INSERT INTO `users` (`id`, `first_name`, `last_name`, `email`, `phone`, `created_at`, `update_at`) VALUES (46, 'Jaquelin', 'Metz', 'leffler.astrid@example.com', '489.375.5264x773', '2015-11-09 10:35:00', '2018-10-21 11:52:01');
INSERT INTO `users` (`id`, `first_name`, `last_name`, `email`, `phone`, `created_at`, `update_at`) VALUES (47, 'Jamie', 'Hettinger', 'anabelle00@example.org', '01113490062', '2013-03-31 20:21:52', '2020-08-22 02:06:02');
INSERT INTO `users` (`id`, `first_name`, `last_name`, `email`, `phone`, `created_at`, `update_at`) VALUES (48, 'Pearline', 'Wilkinson', 'hand.cristobal@example.net', '1-132-480-3149', '2020-10-17 23:47:35', '2015-01-22 14:45:45');
INSERT INTO `users` (`id`, `first_name`, `last_name`, `email`, `phone`, `created_at`, `update_at`) VALUES (49, 'Alfredo', 'Quigley', 'ttromp@example.com', '+00(5)4918555586', '2016-05-07 01:57:22', '2017-10-26 19:17:48');
INSERT INTO `users` (`id`, `first_name`, `last_name`, `email`, `phone`, `created_at`, `update_at`) VALUES (50, 'Cleta', 'Johns', 'larkin.marisa@example.com', '(269)892-1211x103', '2017-03-02 09:14:18', '2015-10-21 02:38:07');
INSERT INTO `users` (`id`, `first_name`, `last_name`, `email`, `phone`, `created_at`, `update_at`) VALUES (51, 'Abdul', 'Nader', 'anderson.zaria@example.com', '379-585-5501x35914', '2012-08-17 21:41:00', '2018-06-09 04:10:26');
INSERT INTO `users` (`id`, `first_name`, `last_name`, `email`, `phone`, `created_at`, `update_at`) VALUES (52, 'Bette', 'Aufderhar', 'brennan.ritchie@example.net', '425.017.9379x3450', '2011-05-25 03:51:03', '2016-04-02 10:15:42');
INSERT INTO `users` (`id`, `first_name`, `last_name`, `email`, `phone`, `created_at`, `update_at`) VALUES (53, 'Loma', 'Roob', 'rhianna32@example.org', '(369)648-9876x610', '2011-09-10 16:32:01', '2013-11-19 09:09:24');
INSERT INTO `users` (`id`, `first_name`, `last_name`, `email`, `phone`, `created_at`, `update_at`) VALUES (54, 'Percy', 'Hodkiewicz', 'reilly.elinor@example.com', '+27(3)7344847962', '2016-09-29 22:09:45', '2020-12-30 00:21:04');
INSERT INTO `users` (`id`, `first_name`, `last_name`, `email`, `phone`, `created_at`, `update_at`) VALUES (55, 'Kimberly', 'Welch', 'chad99@example.org', '1-517-742-7160', '2014-10-27 16:01:16', '2012-01-10 08:42:53');
INSERT INTO `users` (`id`, `first_name`, `last_name`, `email`, `phone`, `created_at`, `update_at`) VALUES (56, 'Elizabeth', 'Morissette', 'moore.adolfo@example.net', '(242)794-8118', '2020-01-07 17:42:48', '2015-10-12 16:28:50');
INSERT INTO `users` (`id`, `first_name`, `last_name`, `email`, `phone`, `created_at`, `update_at`) VALUES (57, 'Bennie', 'Littel', 'anderson.jeanie@example.net', '02014358046', '2011-12-23 01:44:09', '2014-08-26 15:11:39');
INSERT INTO `users` (`id`, `first_name`, `last_name`, `email`, `phone`, `created_at`, `update_at`) VALUES (58, 'Hosea', 'Towne', 'jena62@example.org', '865.447.6147x8806', '2019-03-11 08:35:08', '2017-07-07 22:59:21');
INSERT INTO `users` (`id`, `first_name`, `last_name`, `email`, `phone`, `created_at`, `update_at`) VALUES (59, 'Loren', 'Moore', 'corkery.joey@example.net', '826.746.5025', '2020-02-10 07:28:22', '2012-11-14 12:24:50');
INSERT INTO `users` (`id`, `first_name`, `last_name`, `email`, `phone`, `created_at`, `update_at`) VALUES (60, 'Devante', 'Wintheiser', 'christian42@example.org', '(125)289-1445x5446', '2014-06-07 09:45:53', '2018-06-04 04:46:08');
INSERT INTO `users` (`id`, `first_name`, `last_name`, `email`, `phone`, `created_at`, `update_at`) VALUES (61, 'Crystel', 'Zieme', 'gia.ebert@example.org', '273.708.6099x1860', '2019-08-13 10:21:09', '2018-11-29 14:52:18');
INSERT INTO `users` (`id`, `first_name`, `last_name`, `email`, `phone`, `created_at`, `update_at`) VALUES (62, 'Birdie', 'Davis', 'eo\'conner@example.com', '01084214422', '2021-02-02 05:58:09', '2017-08-05 02:48:25');
INSERT INTO `users` (`id`, `first_name`, `last_name`, `email`, `phone`, `created_at`, `update_at`) VALUES (63, 'Kaela', 'Hodkiewicz', 'alexzander.lehner@example.net', '01354507485', '2012-03-15 08:24:28', '2017-11-25 05:21:43');
INSERT INTO `users` (`id`, `first_name`, `last_name`, `email`, `phone`, `created_at`, `update_at`) VALUES (64, 'Bartholome', 'Schamberger', 'gunnar.schimmel@example.net', '1-538-289-1965x31717', '2013-04-19 12:55:47', '2013-09-30 02:55:25');
INSERT INTO `users` (`id`, `first_name`, `last_name`, `email`, `phone`, `created_at`, `update_at`) VALUES (65, 'Everett', 'Abernathy', 'tina67@example.net', '676-277-8132x601', '2013-05-09 02:46:46', '2017-10-24 05:36:56');
INSERT INTO `users` (`id`, `first_name`, `last_name`, `email`, `phone`, `created_at`, `update_at`) VALUES (66, 'Davon', 'Nitzsche', 'georgette.gerlach@example.com', '(151)059-0407x1981', '2016-01-19 12:43:15', '2019-06-26 01:05:27');
INSERT INTO `users` (`id`, `first_name`, `last_name`, `email`, `phone`, `created_at`, `update_at`) VALUES (67, 'Verda', 'Zieme', 'fay.cruickshank@example.net', '1-809-473-1413', '2018-01-13 18:40:53', '2015-01-18 09:41:34');
INSERT INTO `users` (`id`, `first_name`, `last_name`, `email`, `phone`, `created_at`, `update_at`) VALUES (68, 'Claude', 'Pfannerstill', 'marshall68@example.org', '623.592.4834', '2015-10-22 07:28:42', '2013-01-25 18:55:08');
INSERT INTO `users` (`id`, `first_name`, `last_name`, `email`, `phone`, `created_at`, `update_at`) VALUES (69, 'Kyler', 'Skiles', 'will.zakary@example.net', '1-278-766-0344x9312', '2015-07-06 02:56:14', '2017-08-28 07:26:48');
INSERT INTO `users` (`id`, `first_name`, `last_name`, `email`, `phone`, `created_at`, `update_at`) VALUES (70, 'Violet', 'Klocko', 'reynolds.esta@example.org', '815-070-9280x2731', '2019-08-18 20:39:31', '2019-04-23 20:07:03');
INSERT INTO `users` (`id`, `first_name`, `last_name`, `email`, `phone`, `created_at`, `update_at`) VALUES (71, 'Erin', 'Streich', 'zweissnat@example.com', '1-183-310-3084x007', '2019-08-15 17:44:21', '2019-12-01 00:59:42');
INSERT INTO `users` (`id`, `first_name`, `last_name`, `email`, `phone`, `created_at`, `update_at`) VALUES (72, 'Delta', 'Berge', 'joy.leannon@example.com', '940-095-7269', '2011-12-31 07:41:39', '2013-09-11 01:36:48');
INSERT INTO `users` (`id`, `first_name`, `last_name`, `email`, `phone`, `created_at`, `update_at`) VALUES (73, 'Hester', 'Roberts', 'renner.derek@example.net', '(547)294-9129', '2016-12-29 17:59:05', '2020-07-03 21:03:30');
INSERT INTO `users` (`id`, `first_name`, `last_name`, `email`, `phone`, `created_at`, `update_at`) VALUES (74, 'Abel', 'Stracke', 'lwindler@example.net', '(723)739-9165x25272', '2018-06-12 19:09:27', '2015-11-10 14:47:04');
INSERT INTO `users` (`id`, `first_name`, `last_name`, `email`, `phone`, `created_at`, `update_at`) VALUES (75, 'Renee', 'Rowe', 'ihayes@example.net', '1-460-113-9893x44860', '2012-08-01 19:39:53', '2012-02-17 18:29:56');
INSERT INTO `users` (`id`, `first_name`, `last_name`, `email`, `phone`, `created_at`, `update_at`) VALUES (76, 'Derick', 'Bergstrom', 'fay.juanita@example.com', '1-264-266-9146', '2013-05-31 02:10:00', '2020-11-22 16:10:41');
INSERT INTO `users` (`id`, `first_name`, `last_name`, `email`, `phone`, `created_at`, `update_at`) VALUES (77, 'Zoie', 'Schulist', 'ubaldo97@example.com', '1-186-125-0755x122', '2017-06-07 16:10:40', '2012-10-31 19:02:32');
INSERT INTO `users` (`id`, `first_name`, `last_name`, `email`, `phone`, `created_at`, `update_at`) VALUES (78, 'Rosario', 'Donnelly', 'geovanni69@example.org', '649-081-3078', '2020-09-25 03:20:15', '2016-07-20 20:13:51');
INSERT INTO `users` (`id`, `first_name`, `last_name`, `email`, `phone`, `created_at`, `update_at`) VALUES (79, 'Raheem', 'Hyatt', 'frunolfsdottir@example.net', '1-455-378-5334x63439', '2021-03-30 14:47:47', '2014-11-06 16:17:24');
INSERT INTO `users` (`id`, `first_name`, `last_name`, `email`, `phone`, `created_at`, `update_at`) VALUES (80, 'Dariana', 'Boyle', 'yrunolfsson@example.com', '924-264-9397', '2014-04-01 19:04:54', '2019-03-14 04:39:27');
INSERT INTO `users` (`id`, `first_name`, `last_name`, `email`, `phone`, `created_at`, `update_at`) VALUES (81, 'Torrance', 'Collier', 'ankunding.rosalyn@example.org', '(194)828-7849x6883', '2015-09-11 03:44:13', '2018-03-24 09:29:03');
INSERT INTO `users` (`id`, `first_name`, `last_name`, `email`, `phone`, `created_at`, `update_at`) VALUES (82, 'Amir', 'O\'Hara', 'ewolff@example.org', '07250696919', '2013-10-12 12:24:51', '2013-10-21 01:47:56');
INSERT INTO `users` (`id`, `first_name`, `last_name`, `email`, `phone`, `created_at`, `update_at`) VALUES (83, 'Maverick', 'Carroll', 'zoie.kautzer@example.org', '723.104.0067x56967', '2020-09-21 14:55:17', '2015-03-13 03:21:08');
INSERT INTO `users` (`id`, `first_name`, `last_name`, `email`, `phone`, `created_at`, `update_at`) VALUES (84, 'Adelbert', 'Goodwin', 'emonahan@example.org', '996-176-6855', '2016-02-22 14:21:21', '2018-01-12 14:22:14');
INSERT INTO `users` (`id`, `first_name`, `last_name`, `email`, `phone`, `created_at`, `update_at`) VALUES (85, 'Jayda', 'Steuber', 'pearlie.borer@example.net', '661.815.8143x22080', '2016-10-25 12:13:11', '2021-02-23 23:03:38');
INSERT INTO `users` (`id`, `first_name`, `last_name`, `email`, `phone`, `created_at`, `update_at`) VALUES (86, 'Arno', 'Reynolds', 'vincenzo.bartoletti@example.org', '1-214-576-6159', '2020-11-10 23:03:32', '2015-04-01 05:44:56');
INSERT INTO `users` (`id`, `first_name`, `last_name`, `email`, `phone`, `created_at`, `update_at`) VALUES (87, 'Keira', 'Yost', 'adolphus81@example.org', '1-242-460-2214', '2013-05-07 23:16:38', '2020-04-19 22:18:34');
INSERT INTO `users` (`id`, `first_name`, `last_name`, `email`, `phone`, `created_at`, `update_at`) VALUES (88, 'Cordia', 'Barrows', 'cody02@example.net', '631-305-1561x173', '2011-06-10 11:41:50', '2012-10-31 02:02:59');
INSERT INTO `users` (`id`, `first_name`, `last_name`, `email`, `phone`, `created_at`, `update_at`) VALUES (89, 'Myrna', 'Jerde', 'mhyatt@example.org', '1-733-761-3225x042', '2016-11-10 00:20:01', '2020-06-14 09:41:57');
INSERT INTO `users` (`id`, `first_name`, `last_name`, `email`, `phone`, `created_at`, `update_at`) VALUES (90, 'Hillary', 'Bergnaum', 'dominic43@example.net', '(714)972-4368x899', '2014-10-06 12:44:24', '2015-03-06 15:49:16');
INSERT INTO `users` (`id`, `first_name`, `last_name`, `email`, `phone`, `created_at`, `update_at`) VALUES (91, 'Tracy', 'Schneider', 'malika.hegmann@example.com', '01149581871', '2020-07-30 12:54:38', '2013-05-26 22:02:00');
INSERT INTO `users` (`id`, `first_name`, `last_name`, `email`, `phone`, `created_at`, `update_at`) VALUES (92, 'Khalid', 'Barrows', 'shemar.rosenbaum@example.net', '+70(0)7314650848', '2016-05-15 21:33:59', '2012-08-20 21:25:32');
INSERT INTO `users` (`id`, `first_name`, `last_name`, `email`, `phone`, `created_at`, `update_at`) VALUES (93, 'Justina', 'Weber', 'myrna91@example.org', '(147)972-4221x9916', '2020-02-08 15:34:34', '2017-09-08 20:34:19');
INSERT INTO `users` (`id`, `first_name`, `last_name`, `email`, `phone`, `created_at`, `update_at`) VALUES (94, 'Earlene', 'Schneider', 'little.richmond@example.com', '171-908-6314x00627', '2011-10-19 14:25:56', '2019-03-10 12:31:48');
INSERT INTO `users` (`id`, `first_name`, `last_name`, `email`, `phone`, `created_at`, `update_at`) VALUES (95, 'Rebeka', 'Franecki', 'frederic.bashirian@example.com', '460.134.8518x3149', '2015-09-03 02:47:42', '2020-07-20 07:38:50');
INSERT INTO `users` (`id`, `first_name`, `last_name`, `email`, `phone`, `created_at`, `update_at`) VALUES (96, 'Jacynthe', 'Pagac', 'rmonahan@example.com', '914-956-3074', '2020-10-23 06:39:58', '2019-11-30 11:09:39');
INSERT INTO `users` (`id`, `first_name`, `last_name`, `email`, `phone`, `created_at`, `update_at`) VALUES (97, 'Hunter', 'Farrell', 'bode.jayda@example.net', '1-108-478-8497', '2014-05-21 12:08:17', '2012-02-03 12:34:02');
INSERT INTO `users` (`id`, `first_name`, `last_name`, `email`, `phone`, `created_at`, `update_at`) VALUES (98, 'Immanuel', 'Kilback', 'anderson.antoinette@example.org', '838.287.8398x2622', '2015-05-28 17:46:20', '2018-04-10 02:05:20');
INSERT INTO `users` (`id`, `first_name`, `last_name`, `email`, `phone`, `created_at`, `update_at`) VALUES (99, 'Margaretta', 'Gusikowski', 'rocky.gorczany@example.org', '799.118.9945x348', '2016-10-31 08:18:37', '2014-09-22 15:35:35');
INSERT INTO `users` (`id`, `first_name`, `last_name`, `email`, `phone`, `created_at`, `update_at`) VALUES (100, 'Vida', 'Volkman', 'julianne.sporer@example.net', '637.139.7347', '2020-04-30 19:58:00', '2019-08-19 10:17:09');


